-- MySQL dump 10.13  Distrib 8.0.30, for Win64 (x86_64)
--
-- Host: localhost    Database: music
-- ------------------------------------------------------
-- Server version	8.0.30

/*!40101 SET @OLD_CHARACTER_SET_CLIENT=@@CHARACTER_SET_CLIENT */;
/*!40101 SET @OLD_CHARACTER_SET_RESULTS=@@CHARACTER_SET_RESULTS */;
/*!40101 SET @OLD_COLLATION_CONNECTION=@@COLLATION_CONNECTION */;
/*!50503 SET NAMES utf8 */;
/*!40103 SET @OLD_TIME_ZONE=@@TIME_ZONE */;
/*!40103 SET TIME_ZONE='+00:00' */;
/*!40014 SET @OLD_UNIQUE_CHECKS=@@UNIQUE_CHECKS, UNIQUE_CHECKS=0 */;
/*!40014 SET @OLD_FOREIGN_KEY_CHECKS=@@FOREIGN_KEY_CHECKS, FOREIGN_KEY_CHECKS=0 */;
/*!40101 SET @OLD_SQL_MODE=@@SQL_MODE, SQL_MODE='NO_AUTO_VALUE_ON_ZERO' */;
/*!40111 SET @OLD_SQL_NOTES=@@SQL_NOTES, SQL_NOTES=0 */;

--
-- Table structure for table `advertisement`
--

DROP TABLE IF EXISTS `advertisement`;
/*!40101 SET @saved_cs_client     = @@character_set_client */;
/*!50503 SET character_set_client = utf8mb4 */;
CREATE TABLE `advertisement` (
  `ad_ID` int NOT NULL AUTO_INCREMENT,
  `music_id` int NOT NULL,
  `ad_images` varchar(255) NOT NULL,
  `ad_content` varchar(255) DEFAULT NULL,
  `ad_date_create` date NOT NULL,
  PRIMARY KEY (`ad_ID`),
  KEY `FK_AD_MUSIC` (`music_id`),
  CONSTRAINT `FK_AD_MUSIC` FOREIGN KEY (`music_id`) REFERENCES `music` (`music_id`)
) ENGINE=InnoDB AUTO_INCREMENT=3 DEFAULT CHARSET=utf8mb4 COLLATE=utf8mb4_0900_ai_ci;
/*!40101 SET character_set_client = @saved_cs_client */;

--
-- Dumping data for table `advertisement`
--

LOCK TABLES `advertisement` WRITE;
/*!40000 ALTER TABLE `advertisement` DISABLE KEYS */;
INSERT INTO `advertisement` VALUES (1,3,'https://musicapphung.000webhostapp.com/Images/Advertisement/lancuoi.jpg','Lần cuối','2022-10-03'),(2,1,'https://musicapphung.000webhostapp.com/Images/Advertisement/cochoicochiu.jpg','Có chơi có chịu','2022-10-03');
/*!40000 ALTER TABLE `advertisement` ENABLE KEYS */;
UNLOCK TABLES;

--
-- Table structure for table `category`
--

DROP TABLE IF EXISTS `category`;
/*!40101 SET @saved_cs_client     = @@character_set_client */;
/*!50503 SET character_set_client = utf8mb4 */;
CREATE TABLE `category` (
  `category_id` int NOT NULL AUTO_INCREMENT,
  `category_name` varchar(50) NOT NULL,
  `category_images` varchar(250) DEFAULT NULL,
  PRIMARY KEY (`category_id`)
) ENGINE=InnoDB AUTO_INCREMENT=7 DEFAULT CHARSET=utf8mb4 COLLATE=utf8mb4_0900_ai_ci;
/*!40101 SET character_set_client = @saved_cs_client */;

--
-- Dumping data for table `category`
--

LOCK TABLES `category` WRITE;
/*!40000 ALTER TABLE `category` DISABLE KEYS */;
INSERT INTO `category` VALUES (1,'Rap','https://musicapphung.000webhostapp.com/Images/category/rap.jpg'),(2,'VPop','https://musicapphung.000webhostapp.com/Images/category/vpop.jpg'),(3,'Nhạc Âu Mỹ','https://musicapphung.000webhostapp.com/Images/category/aumy.jpg'),(4,'EDM','https://musicapphung.000webhostapp.com/Images/category/EDM.png'),(5,'Nhạc Nhật Bản','https://musicapphung.000webhostapp.com/Images/category/Japanese.jpg'),(6,'Nhạc Rock','https://musicapphung.000webhostapp.com/Images/category/rock.jpg');
/*!40000 ALTER TABLE `category` ENABLE KEYS */;
UNLOCK TABLES;

--
-- Table structure for table `emotion`
--

DROP TABLE IF EXISTS `emotion`;
/*!40101 SET @saved_cs_client     = @@character_set_client */;
/*!50503 SET character_set_client = utf8mb4 */;
CREATE TABLE `emotion` (
  `emotion_id` int NOT NULL AUTO_INCREMENT,
  `emotion_name` varchar(50) NOT NULL,
  PRIMARY KEY (`emotion_id`)
) ENGINE=InnoDB AUTO_INCREMENT=8 DEFAULT CHARSET=utf8mb4 COLLATE=utf8mb4_0900_ai_ci;
/*!40101 SET character_set_client = @saved_cs_client */;

--
-- Dumping data for table `emotion`
--

LOCK TABLES `emotion` WRITE;
/*!40000 ALTER TABLE `emotion` DISABLE KEYS */;
INSERT INTO `emotion` VALUES (1,'surprise'),(2,'fear'),(3,'angry'),(4,'neutral'),(5,'sad'),(6,'disgust'),(7,'happy');
/*!40000 ALTER TABLE `emotion` ENABLE KEYS */;
UNLOCK TABLES;

--
-- Table structure for table `music`
--

DROP TABLE IF EXISTS `music`;
/*!40101 SET @saved_cs_client     = @@character_set_client */;
/*!50503 SET character_set_client = utf8mb4 */;
CREATE TABLE `music` (
  `music_id` int NOT NULL AUTO_INCREMENT,
  `singer_id` int NOT NULL,
  `category_id` int NOT NULL,
  `music_name` varchar(50) NOT NULL,
  `music_images` varchar(255) NOT NULL,
  `lyrics` text,
  `url` varchar(255) NOT NULL,
  PRIMARY KEY (`music_id`),
  KEY `FK_MUSIC_CATEGORY` (`category_id`),
  KEY `FK_MUSIC_SINGER` (`singer_id`),
  CONSTRAINT `FK_MUSIC_CATEGORY` FOREIGN KEY (`category_id`) REFERENCES `category` (`category_id`),
  CONSTRAINT `FK_MUSIC_SINGER` FOREIGN KEY (`singer_id`) REFERENCES `singer` (`singer_id`)
) ENGINE=InnoDB AUTO_INCREMENT=35 DEFAULT CHARSET=utf8mb4 COLLATE=utf8mb4_0900_ai_ci;
/*!40101 SET character_set_client = @saved_cs_client */;

--
-- Dumping data for table `music`
--

LOCK TABLES `music` WRITE;
/*!40000 ALTER TABLE `music` DISABLE KEYS */;
INSERT INTO `music` VALUES (1,2,1,'Có chơi có chịu','https://musicapphung.000webhostapp.com/Images/Music/Cochoicochiu.jpg','Có khóc có cười ! Tình yêu anh vẫn Real thế thôi\r\nNếu chán chê không nói nên lời, mời em đi tìm người khác chơi\r\nĐâu gì là mãi mãi trên đời, cứ chill rồi sẽ tự đến nơi\r\nRiêng con người anh như thế quen rồi\r\nCảm thấy không vui anh khuyên em cứ rời\r\nEm hỡi em hơi em\r\n\r\nĐừng dựng chuyện không có, quên đi một người như anh không khó\r\nNếu chuyện tụi mình nay đã không rõ\r\nCứ nhắm mắt, xem như xui, ta đi lui, em lại vui với ai\r\nVài ba hôm là thấy, drama cho nhiều cũng đâu vào đấy\r\nNên ta sẽ chẳng cần nhau là mấy\r\nCứ nhắm mắt, xem như xui, ta đi lui, em lại vui với ai\r\n\r\nChia tay là xong, không nên đi theo style lòng vòng\r\nAnh không thích dài dòng, em bớt ồn ào đi được không\r\nNên buông ngay và luôn, nên buông ngay và luôn\r\nNên buông ngay và luôn, chia tay thôi có gì đâu mà buồn\r\n\r\nThoáng nghe câu giả dối, câu chuyện em nói hơi xa vời\r\nEm lừa em dắt đôi ba lời, thôi thôi em ơi đường ai nấy bay\r\nCòn đâu nết thơ ngây…\r\nEm lạ lắm, câu chuyện em nói hơi xa vời\r\nEm lừa em dắt đôi ba lời, thôi ta chia tay đường ai nấy bay\r\nGiờ đây giờ thì còn lại ai\r\n\r\nÁi ai ai ai ai … Đừng làm lệ phải phai\r\nÁi ai ai ai ai … Giờ còn lại ai\r\nÁi ai ai ai ai … Đừng làm lệ phải phai\r\nÁi ai ai ai ai … Có thương là có dại\r\n\r\nBớt miệng bớt miệng\r\nChia tay bớt bóc phốt để đời nhau được bớt chuyện, bớt điên\r\nBớt phiền bớt phiền\r\nDrama anh ít thôi đừng bắt anh phải bớt hiền … rớt liền\r\nHey … hết yêu là anh đi\r\nDăm ba cái cuộc tình không có cửa làm anh suy\r\nXời, cứ xem như cuộc dạo chơi\r\nTa ứng trước tuổi trẻ, hai đứa đưa nhau vào đời\r\n\r\nDĩ vãng vốn dĩ đã dơ dáy, dễ gì mà giấu diếm\r\nĐừng bắt anh “bẻ lái”\r\nNhắm nhắm thấy khó lòng vui trở lại, đã trái lại còn sai\r\nChờ gì chưa rẽ phải !\r\nQuay xe\r\n\r\nChia tay là xong, không nên đi theo style lòng vòng\r\nAnh không thích dài dòng, em bớt ồn ào đi được không\r\nNên buông ngay và luôn, nên buông ngay và luôn\r\nNên buông ngay và luôn, chia tay thôi có gì đâu mà buồn\r\n\r\nThoáng nghe câu giả dối, câu chuyện em nói hơi xa vời\r\nEm lừa em dắt đôi ba lời, thôi thôi em ơi đường ai nấy bay\r\nCòn đâu nết thơ ngây…\r\nEm lạ lắm, câu chuyện em nói hơi xa vời\r\nEm lừa em dắt đôi ba lời, thôi ta chia tay đường ai nấy bay\r\nGiờ đây giờ thì còn lại ai\r\n\r\nÁi ai ai ai ai … Đừng làm lệ phải phai\r\nÁi ai ai ai ai … Giờ còn lại ai\r\nÁi ai ai ai ai … Đừng làm lệ phải phai\r\nÁi ai ai ai ai … Có thương là có dại\r\n\r\nBye bye ! Không mong nỗi nhớ không tới\r\nBye… Không thương nước mắt không rơi\r\nBye bye ! Hết yêu là hết trông đợi\r\nBuông thôi em ơi !\r\nBye bye ! Yêu mà toxic đủ kiểu\r\nBye… Mình làm gì có tương lai\r\nBye bye ! Có chơi thì có sức chịu\r\nChốt hạ luôn\r\nì í í i …','https://musicapphung.000webhostapp.com/music/CoChoiCoChiu-KarikOnlyC-7976227_hq.mp3'),(2,3,1,'Thiên đàng','https://musicapphung.000webhostapp.com/Images/Music/thiendang.jpg','Thiên đàng dành cho anh ông trời dẫn lối (lối)\r\nĐi tới trước cổng trời miệng anh nhả khói (khói)\r\nAnh biết nơi này từng là khu anh sống\r\nTiên nữ đâu hết rồi mau đưa anh vào trong\r\nĐịa ngục trần gian anh không thể ở\r\nTừ chối Satan làm nó mắc cỡ\r\nKhông theo kẻ xấu lũ quỷ không tha thứ\r\nHọ tống anh đi vì anh là vết nhơ\r\nAnh đã chọn lên thiên đàng ngồi sofa\r\nGác cái chân lên cái bàn coi phim ma\r\nThế gian hỏi Wy đi đâu lâu vậy\r\nThiên đàng thượng giới Wy đang ở đây\r\nNếu mà muốn lên đây thì hãy quyết định\r\nCái xấu cái tốt do mình phân tính\r\nCuộc đời mỗi người mình là nhân vật chính\r\nThời gian ha\r\nLà một cuộc hành trình\r\nĐược thấy thiên đàng nơi đây nguy nga\r\nNgàn mây bay bay trắng ngà\r\nTừ xa thiên thần cất vài lời ca\r\nI\'m living in your love love love\r\nLet all the walls fall down\r\nDon\'t waiting just love out loud\r\nAnh sẽ cho cả thế giới thấy điều anh làm là được\r\nBa anh má anh đã nói ông trời đã nhắn anh trước\r\nBên trái bên phải bên đúng bên sai ngày sinh nhật trên tay\r\nNó sẽ nhắc để anh nhớ rằng anh là ai nè\r\nÊ anh là người quyết định\r\nTrong tất cả các bữa tiệc anh đều là nhân vật chính\r\nKhi anh bước tới đem luồng gió mới\r\nMọi người hét mọi người thét Wowy tới chơi\r\nKhông cần phải đợi bởi anh không có thời gian\r\nĐây là thời khắc ông trời sắp sửa ban nè\r\nAnh lấy hết thế gian này là dành cho anh\r\nGiây phút quyết định của anh là đây\r\nAnh ở đây hay ngoài kia\r\nDo em chọn\r\nAnh ở đây hay ngoài kia\r\nDo em chọn\r\nAnh ở đây hay ngoài kia\r\nĐó là do em chọn\r\nCâu trả lời của em đó là\r\nTrên thiên đàng\r\nĐược thấy thiên đàng nơi đây nguy nga\r\nNgàn mây bay bay trắng ngà\r\nTừ xa thiên thần cất vài lời ca\r\nI\'m living in your love love love\r\nLet all the walls fall down\r\nDon\'t waiting just love out loud\r\nLên thiên đàng lên thiên đàng lên thiên đàng nà\r\nLên thiên đàng lên thiên đàng lên thiên đàng nà\r\nLên thiên đàng lên thiên đàng lên thiên đàng nà\r\nLên thiên đàng lên thiên đàng lên thiên đàng nà\r\nLên thiên đàng lên thiên đàng lên thiên đàng nà\r\nLên thiên đàng lên thiên đàng lên thiên đàng nà\r\nLên thiên đàng lên thiên đàng lên thiên đàng nà\r\nLên thiên đàng lên thiên đàng lên thiên đàng lên thiên đàng lên thiên đàng\r\nĐược thấy thiên đàng nơi đây nguy nga\r\nNgàn mây bay bay trắng ngà\r\nTừ xa thiên thần cất vài lời ca (morning in love)\r\nI\'m living in your love love love (living in love)\r\nIt\'s love baby\r\nLet all the walls fall down\r\nDon\'t waiting just love out loud\r\nĐược thấy thiên đàng nơi đây nguy nga\r\nNgàn mây bay bay trắng ngà\r\nTừ xa thiên thần cất vài lời ca\r\nI\'m living in your love love love\r\nLet all the walls fall down\r\nDon\'t waiting just love out loud\r\nHmm hmm\r\nDon\'t waiting just love out loud','https://musicapphung.000webhostapp.com/music/y2meta.com%20-%20WOWY%20-%20THI%C3%8AN%20%C4%90%C3%80NG%20ft%20JOLIPOLI%20(%20t%E1%BA%A1i%20ELLE%20SHOW%20)%20Full%20version%20(320%20kbps).mp3'),(3,2,1,'Lần cuối','https://musicapphung.000webhostapp.com/Images/Music/lancuoi.jpg','Anh và em\r\nLà hai đứa trẻ tổn thương\r\nBề ngoài như có tất cả\r\nNhưng bình yên rồi luôn lạc đường\r\nCó kể cũng chẳng ai hiểu\r\nNhững mất mát cả hai phải chịu\r\nCó lẽ cùng chính vì vậy mà càng trưởng thành thì nỗi đau càng lãi nhiều\r\nAnh thừa biết tuổi thơ của em đã không còn đường bất hạnh hơn\r\nEm cũng hiểu nỗi ám ảnh của cuộc đời anh chính là cô đơn\r\nVà mình đã hứa sẽ dắt tay nhau vượt qua quá khứ và tủi hờn\r\nCuối cùng thì sao\r\nHy vọng chết gục nỗi đau thì khôn lớn\r\nThay vào việc nhìn vào ưu điểm cả hai cho nhau sự bao dung\r\nMình lại để tâm khuyết điểm không đáng mặc cho cái tôi nó thao túng\r\nTừng câu từng chữ sắc bén mình luôn nhắc nhở phải bỏ lại phía sau\r\nGiờ lại chính là thứ mình đưa ra trước mỗi khi cùng bước về phía nhau\r\nĐáng lẽ giờ này\r\nMình đã phải thực sự yên ấm\r\nVòng tay đã đủ ủi an phần nào cho cả hai yên tâm\r\nNhưng rồi tất cả kỷ niệm đã cùng rơi thẳng xuống vực bên kỳ vọng\r\nHai tâm hồn bất lực lặng nhìn thời gian phá vỡ mọi kỳ công\r\nAnh đã trải đủ sóng gió\r\nĐể có một tương lai\r\nEm cũng không còn trẻ\r\nĐể hoài bắt đầu lại\r\nNếu thật sự đã quá rõ\r\nCon tim mình thương ai\r\nSao không cho nó một cơ hội gối đầu bên bình yên lâu dài\r\nNói thế thôi\r\nAnh biết chuyện mình giờ đây đã khác rồi\r\nVị trí của anh trong em sau thời gian ngắn sẽ có người khác thôi\r\nChỉ là đôi khi anh nhớ, tiếc nuối một vài kỷ niệm\r\nTự hành hạ tâm trí bằng nhiều viễn cảnh do chính bản thân suy diễn\r\nNhưng hôm nay sẽ là lần cuối, lần cuối anh nói những lời thật lòng\r\nLần cuối vì thương mà nuôi hy vọng\r\nLần cuối biết đau nhưng vẫn chờ mong\r\nLần cuối tin vào tình yêu, lần cuối tự dối cảm xúc tiếng cười\r\nLần cuối vì vài dòng chữ mà ngậm ngùi rơi nước mắt ngay giữa biển người\r\nVì một mai nắng sẽ lên\r\nXua hết những niềm đau\r\nKý ức ngày hôm qua\r\nDần dần cũng chìm sâu\r\nRồi hạnh phúc hai ta mong cầu một ngày không xa sẽ tới mau\r\nBuồn vui lại trở về như ngày đầu chỉ là không còn cùng với nhau','https://musicapphung.000webhostapp.com/music/y2mate.com%20-%20LAN%20CUOI%20%20KARIK%20%20LYRICS%20VIDEO.mp3'),(4,1,3,'Sir Alex Ferguson Song (Red Is The Man)','https://musicapphung.000webhostapp.com/Images/Music/SirAlexFergusonSong(Red%20Is%20The%20Man).jpg','Sir Alex Ferguson, A Knighted Champion\r\nSo Many Years the boss and we adore him\r\nSimply The Best, United through and through\r\nForever we will be his Red Army\r\n\r\nBorn in govan on the night of new years eve\r\nCame a boy with dreams to be a champion\r\nAnd the rest Is history, now he\'s left a legacy\r\nAnd he will be remembered forever\r\n\r\nSir Alex Ferguson, A Knighted Champion\r\nSo Many Years the boss and we adore him\r\nSimply The Best, United through and through\r\nForever we will be his Red Army\r\n\r\nLike the greats from before and others we adore\r\nFergie keeps the Manchester tradition\r\nWe play all out in attack, and solid at the back\r\nand thats what make the club united\r\n\r\nSir Alex Ferguson, A Knighted Champion\r\nSo Many Years the boss and we adore him\r\nSimply The Best, United through and through\r\nForever we will be his Red Army\r\n\r\n\r\nSir Alex Ferguson, A Knighted Champion\r\nSo Many Years the boss and we adore him\r\nSimply The Best, United through and through\r\nForever we will be his Red Army\r\nForever we will be his Red Army','https://musicapphung.000webhostapp.com/music/Sir%20Alex%20Ferguson%20Song%20(Red%20Is%20The%20Man%20)_The%20World%20Red%20Army%20Ft%20Fabrian%20Goroncy_-2820465.mp3'),(5,18,2,'Bông hoa đẹp nhất','https://musicapphung.000webhostapp.com/Images/Music/bonghongdepnhat.jpg','Mãi sau này anh mới biết\r\nBông hoa đó không phải của anh\r\nChẳng qua là anh đã đi ngang qua đúng mùa hoa đẹp nhất\r\nCon tim anh cứ ngỡ là duyên số\r\nThì ra đó chỉ là chuyện hư vô\r\nLý do chia tay là gì em có biết không\r\nVì em không yêu anh như anh yêu em\r\nVì em xem anh chỉ là nhất thời\r\nNgười mới chơi vơi như anh làm sao anh mơ có em\r\nMãi sau này xa nhau anh mới thấu\r\nSuốt chặng đường khi yêu ai biết đâu\r\nNgười mình từng thương giờ như hai người xa lạ đã biết hết về nhau\r\nSau này gặp nhau anh muốn biết\r\nMùa hoa đẹp nhất em có nhớ gì\r\nNgày đó yêu nhau lúc xuân thì\r\nMà điều gì làm em quay lưng đi\r\nNếu gặp lại nhau em vẫn ôm anh\r\nHay em sẽ né tránh anh\r\nChỉ dám buông đôi câu chào\r\nDạo này anh sao\r\nMãi sau này anh mới biết\r\nNgười đó không phải người yêu anh\r\nChẳng qua là anh đã đi ngang qua đúng ngay người cô đơn nhất\r\nThì thầm vài câu mình nói yêu nhau\r\nThế nên chuyện mình cũng chẳng tới đâu\r\nLí do chia tay là gì em có biết không\r\nVì em không yêu anh như anh yêu em\r\nVì em xem anh chỉ là nhất thời (nhất thời)\r\nNgười mới chơi vơi như anh làm sao anh mơ có em\r\nMãi sau này xa nhau anh mới thấu (mãi sau này)\r\nSuốt chặng đường khi yêu ai biết đâu\r\nNgười mình từng thương giờ như hai người xa lạ đã biết hết về nhau\r\nSau này gặp nhau anh muốn biết\r\nMùa hoa đẹp nhất em có nhớ gì\r\nNgày đó yêu nhau lúc xuân thì\r\nMà điều gì làm em quay lưng đi\r\nNếu gặp lại nhau em vẫn ôm anh\r\nHay em sẽ né tránh anh\r\nChỉ dám buông đôi câu chào\r\nDạo này anh sao\r\nVì em không yêu như anh yêu em\r\nVì em xem anh chỉ là nhất thời\r\nNgười mới chơi vơi như anh làm sao anh mơ có em (như anh)\r\nMãi sau này xa nhau anh mới thấu\r\nSuốt chặng đường khi yêu ai biết đâu\r\nNgười mình từng thương giờ như hai người xa lạ đã biết hết về nhau\r\nVà sau này gặp nhau anh muốn biết\r\nMùa hoa đẹp nhất em có nhớ gì (huh)\r\nNgày đó yêu nhau lúc xuân thì (uh)\r\nMà điều gì làm em quay đi (em quay đi)\r\nNếu gặp lại nhau em vẫn ôm anh\r\nHay em sẽ né tránh anh\r\nChỉ dám buông đôi câu chào\r\nDạo này anh sao','https://musicapphung.000webhostapp.com/music/y2meta.com%20-%20QU%C3%82N%20A.P%20_%20B%C3%94NG%20HOA%20%C4%90%E1%BA%B8P%20NH%E1%BA%A4T%20_%20OFFICIAL%20MUSIC%20VIDEO%20(128%20kbps).mp3'),(6,20,1,'Cảm ơn','https://musicapphung.000webhostapp.com/Images/Music/camon.jpg','Mọi người gọi anh là Hải Chiền đến từ OTĐ\r\n\r\nLấy đà, bước\r\nLấy đà, bước\r\nLấy đà bước\r\nLấy đà bước\r\nLấy đà bước\r\nLấy đà, bước lên\r\n\r\nĐể chứng minh ta sai thì tất cả chưa bao giờ ĐÚNG, OKAY\r\nVẫn chưa hề dùng mic, nhiệt vẫn chạy chưa bao giờ ĐỨNG, OKAY\r\nMột gang một vibe, một style cứng như thể chưa bao giờ CỨNG, OKAY\r\n\r\nTồn tại hoặc là dừng lại chọn một trong hai thì ta thà đưa đầu vào chúng và lao vào chúng\r\nCòn nao và núng đứng ngoài từ điển, cuốn sách cá nhân\r\nKhi nằm xuống thì chữ vẫn chạy từ đỉnh xuống mắt cá chân\r\n\r\nĐôi khi nhẹ nhưng mà cứng\r\nNhư là nước trong bên địa chấn\r\nĐôi khi lực này là trăm ngàn tấn, để mà đập tan đống vách đá ngăn\r\n\r\nCỔ HỌNG\r\nMỞ GIỌNG\r\nCỔ ĐỘNG\r\nLÊN\r\nTHẢ MỘNG\r\nCHỖ RỘNG\r\nXỔ GIỌNG\r\nLÊN\r\n\r\nHôm nay trời có sập ta vẫn đứng đây và HÁT VANG\r\nTừng câu và từng chữ như đi thằng vào mọi GIÁC QUAN\r\nMuốn mình đau, kéo mình xuống đằng sau\r\nLời nói làm nhói lòng đó mình quý từng chút từng chút thật lâu\r\n\r\nCảm ơn những lần nào CHÊ BAI\r\nLời đồn đại được KÊ KHAI\r\nMay chúng thành chiếc gối thật êm ái cho mỗi đêm mình KÊ VAI\r\n\r\nĐỂ QUÝ NHỮNG ĐIỀU TA LÀM CHẲNG HỐI TIẾC\r\nTRIỆU NĂM NỮA CHẲNG ĐỔI THAY\r\nĐẾN KHI QUẢ ĐIA CẦU NÀY CÒN QUAY\r\nMẶT TRỜI CHẲNG Ở ĐÂY\r\nĐỂ QUÝ NHỮNG ĐIỀU TA LÀM\r\nCHẲNG HỐI TIẾC\r\nDÀNH CHO KHẮP THẾ GIAN\r\nLỜI NÓI CẢM ƠN VÔ NGÀN\r\nVƯỢT KHÔNG GIAN\r\nVƯỢT QUA CẢ THỜI GIAN\r\nVỚI NHỮNG ĐIỀU TA LÀM\r\n\r\nĐôi khi ta thấy mình giống như là viên đường\r\nSẽ có lúc tan ra nhưng điều ngọt ngào sẽ còn mãi\r\n\r\nMột bài nhạc không kể được hết\r\nNhưng hết được kể khi không còn nhạc\r\nVà ta cảm ơn những người ở lại\r\nKhi mà trong túi không còn một đồng bạc\r\nNgoi lên, đi lên từ bàn tay trắng\r\nThấy Huynh Long Hải như con rồng lạc\r\nĐể rồi lạc lối trong sự lỗi lạc, trăm ngàn cay đắng vì một dòng nhạc\r\n\r\nTa nhận vai cá để hoàn thiện một bộ phim hay\r\nAi cũng cần thời gian để tung cánh như loài chim bay\r\nĐừng buồn khi nhiều cống hiến nhưng xã hội không lập tức thấy\r\nVì bình minh luôn thật hùng vĩ nhưng con người thì vẫn chưa thức dậy Babe\r\nCảm ơn vận mệnh vì đã cho ra vay mượn PHÚT HUY HOÀNG\r\nCâu chữ vẫn sáng mà không cần dùng đến BÚT BI VÀNG\r\nNiềm vui của ba khiên ta như cầu thủ được THÚC GHI BÀN\r\nSinh mạng này vẫn hiên ngang như chưa từng có PHÚT SUY TÀN\r\n\r\nChọn rap, ngày trước như người mù bước sai đường\r\nHọ nhìn tôi lắc đầu và kiểu là...\r\nKhông như bồ công anh để gió thổi đi dù không muốn\r\nTôi sẽ là xương rồng chống chọi với mọi cơn bão cơn giông cuốn\r\n\r\n\"Vất vả rồi\" tôi tự nói với mình sau những tả tơi\r\nTất cả rồi sẽ được trong xanh như ánh da trời\r\nVì chúng ta đã cứ cố gắng không ngừng\r\nVà từng giọt mồ hôi với nước mắt chợt đầy không trung\r\nTrăm nghìn giờ để thấy quả bóng đến khung thành\r\nChúng ta đều thật xứng đáng để đứng đây\r\n\r\nĐỂ QUÝ NHỮNG ĐIỀU TA LÀM CHẲNG HỐI TIẾC\r\nTRIỆU NĂM NỮA CHẲNG ĐỔI THAY\r\nĐẾN KHI QUẢ ĐIA CẦU NÀY CÒN QUAY (sao chẳng còn quay)\r\nMẶT TRỜI CHẲNG Ở ĐÂY\r\nĐỂ QUÝ NHỮNG ĐIỀU TA LÀM\r\nCHẲNG HỐI TIẾC\r\nDÀNH CHO KHẮP THẾ GIAN (cho khắp thế gian)\r\nLỜI NÓI CẢM ƠN VÔ NGÀN\r\nVƯỢT KHÔNG GIAN\r\nVƯỢT QUA CẢ THỜI GIAN\r\nVỚI NHỮNG ĐIỀU TA LÀM\r\n\r\nVới những điều ta làm ta yêu\r\nTa hết mình\r\nVới những điều ta làm ta yêu\r\nTa hết mình\r\nVới những điều ta làm ta yêu\r\nTa hết mình\r\n\r\nXIN CẢM ƠN!','https://musicapphung.000webhostapp.com/music/y2meta.com%20-%20Seachains%20-%20C%E1%BA%A3m%20%C6%A0n%20-%20Team%20Karik%20_%20Rap%20Vi%E1%BB%87t%20-%20M%C3%B9a%202%20[MV%20Lyrics]%20(320%20kbps).mp3'),(7,12,1,'Chìm sâu','https://musicapphung.000webhostapp.com/Images/Music/chimsau.jpg','Tại vì sao bao nhiêu lâu nay anh thì thầm thả gió cuốn bay đi\r\nChạm vào môi đan vào tay của em ta đi chung bước với thời gian\r\nMột nụ hôn thay cho bao nụ hồng em có muốn ngay khi\r\nTa vừa gặp nhau?\r\nYou got me, got me chìm sâu (got me, got me chìm sâu)\r\nBut I\'m all go\r\nBaby, anh không muốn em phải buông lệ sầu hoen đôi chân mi\r\nYou got me, got me chìm sâu (got me, got me chìm sâu)\r\nBut I\'m all go\r\nAnh chỉ mong em hạnh phúc trên cuộc đời này kể cả khi ta phân li\r\nMy mind is a mess (my mind)\r\nEm đẹp từng cm\r\nBae don\'t foolin\' me (yeah)\r\nEm chỉ cần sayin\' yes\r\nBởi vì anh sẽ cố dẫn em vào tròng (sẽ dẫn em vào tròng)\r\nNói hết những câu thật lòng (yeah, nói hết thật lòng)\r\nSmoke weed get high\r\nMặc kệ bad vibe của last night\r\nVì cho dù là còn thương\r\nHay cho dù là đã quên\r\nChỉ cần còn tình yêu là ta sẽ đến được thiên đường\r\nMình quấn quýt vào nhau (vào nhau)\r\nThật lâu (thật lâu)\r\nRồi sẽ phải đến lúc em gật đầu\r\nYou got me, got me chìm sâu (got me, got me chìm sâu)\r\nBut I\'m all go\r\nBaby, anh không muốn em phải buông lệ sầu hoen đôi chân mi\r\nYou got me, got me chìm sâu (got me, got me chìm sâu)\r\nBut I\'m all go\r\nAnh chỉ mong em hạnh phúc trên cuộc đời này kể cả khi ta phân li\r\nLà bởi vì em quá xinh đẹp!\r\nQuá đỗi yêu kiều?\r\nXung quanh bao nhiêu cậu trai\r\nMuốn chiếm tim em\r\nNhưng chỉ có anh ở đây si mê em nhường này\r\nVậy đừng phí thêm thời gian hãy hôn anh đúng khi màn đêm\r\nBuông trên phím đàn\r\nTa như mơ màng\r\nĐôi chân miên man\r\nĐam mê tiếng nhạc, hooh-hooh-hooh-huh\r\nVà để rồi khi, bình minh vương trên môi êm\r\nAnh nâng đôi tay, để nói với em\r\nYou got me, got me chìm sâu (got me, got me chìm sâu)\r\nBut I\'m all go\r\nBaby, anh không muốn em phải buông lệ sầu hoen đôi chân mi\r\nYou got me, got me chìm sâu (got me, got me chìm sâu)\r\nBut I\'m all go\r\nAnh chỉ mong em hạnh phúc trên cuộc đời này kể cả khi ta phân li','https://musicapphung.000webhostapp.com/music/y2meta.com%20-%20Ch%C3%ACm%20S%C3%A2u%20-%20RPT%20MCK%20(feat.%20Trung%20Tr%E1%BA%A7n)%20_%20Official%20Lyrics%20Video%20(128%20kbps).mp3'),(8,19,1,'Chọn bạn mà chơi','https://musicapphung.000webhostapp.com/Images/Music/chonbanmachoi.jpg','Chọn lựa bạn mà chơi\r\nChọn lựa bạn mà chơi\r\nChọn lựa bạn mà chơi\r\nThạch Sanh thì ít Lý Thông thì nhiều\r\nChọn lựa bạn mà chơi\r\nChọn lựa bạn mà chơi\r\nChọn lựa bạn mà chơi\r\nThạch Sanh thì ít Lý Thông thì nhiều\r\nNgười ta nói em là dại khờ\r\nVì em thích nghe chuyện cổ tích\r\nCòn cuộc sống ngoài kia lại chờ\r\nGặp được em tìm sự bổ ích\r\nĐọc qua biết bao nhiêu truyện rồi\r\nVẫn không học điều gì cần thiết\r\nAnh Thạch Sanh tìm thấy công bằng\r\nCho chính mình phải nhờ thần tiên\r\nNgười bạn tốt em thế nào nà\r\nCó đối tốt với em như sao\r\nThấy em gặp phải chuyện chẳng lành\r\nCó mất điện như đèn hư hao\r\nCó mượn tiếng em đi làm liều\r\nBán nhân cách đổi lấy vài xu\r\nGắn cái mác anh em bạn dì\r\nKhi tàn tiệc lại toan tính thù dai\r\nNuôi tình chí cốt bao năm\r\nĐể trả lại bồ dao găm\r\nChỉ toàn bàn điều cao thâm\r\nRồi lại làm trò thâm đau\r\nBiết rằng bọn mình thân nhau\r\nNhưng toàn đứng cười khi mình đau lưng\r\nNếu trọng lượng bạn tốt thế thì\r\nChọn lựa bạn mà chơi\r\nChọn lựa bạn mà chơi\r\nChọn lựa bạn mà chơi\r\nThạch Sanh thì ít Lý Thông thì nhiều\r\nChọn lựa bạn mà chơi\r\nChọn lựa bạn mà chơi\r\nChọn lựa bạn mà chơi\r\nThạch Sanh thì ít Lý Thông thì nhiều\r\nĐàn kêu tích tịch tình tang\r\nĐàn kêu tích tịch tình tang\r\nĐàn kêu tích tịch tình tang\r\nTích tịch tình tang\r\nTích tích tịch tình tang tang tang\r\nHọ chê em chơi toàn bạn xấu\r\nVì chẳng giúp gì đâu\r\nNhư Lý Thông dạy em thực tế\r\nĐời ai lại giúp vì nhau\r\nÂm thầm chẳng cần nói công lao\r\nChỉ để dọn rác như người lao công\r\nGương mặt em sẽ trầm trồ\r\nVì chuyến đò này rẽ ngang đời sang sông\r\nNói cho nhau hiểu, sửa nhau cái sai\r\nThành ra khó chịu bạn block luôn\r\nGiúp bạn sống đúng, giúp bạn đi lên\r\nXong bạn giúp mình phát khóc luôn\r\nCạn chén cắt máu xin thề\r\nMột lời trọn nghĩa khí thế vang âm\r\nĐể rồi sau đó cả đời\r\nChỉ còn mang tiếng ví vế gian nhân\r\nNuôi tình chí cốt bao năm\r\nĐể trả lại bồ dao găm\r\nChỉ bàn toàn điều cao thâm\r\nRồi lại làm trò thâm đau\r\nBiết rằng bọn mình thân nhau\r\nNhưng toàn đứng cười khi mình đau lưng\r\nNếu trọng lượng bạn tốt thế\r\nThì tôi với bạn sao cân\r\nChọn lựa bạn mà chơi\r\nChọn lựa bạn mà chơi\r\nChọn lựa bạn mà chơi\r\nThạch Sanh thì ít Lý Thông thì nhiều\r\nChọn lựa bạn mà chơi\r\nChọn lựa bạn mà chơi\r\nChọn lựa bạn mà chơi\r\nThạch Sanh thì ít Lý Thông thì nhiều\r\nĐàn kêu tích tịch tình tang\r\nAi mang công chúa dưới hang trở về\r\nĐàn kêu tích tịch tình tang\r\nAi mang câu hát thẫn thờ sớm tối\r\nĐàn kêu tích tịch tình tang\r\nAi mang công chúa dưới hang trở về\r\nĐàn kêu tích tịch tình tang\r\nAi mang câu hát thẫn thờ sớm khuya\r\nKiếm tiếng thơm thì khó\r\nĐành cất tiếng đàn thở than\r\nBiết tiếng lòng đã sống\r\nBằng hết tất cả phổi gan\r\nBạn tốt nên có trong đời\r\nNhưng tốt sao không ai hay\r\nLy rượu ngon lỡ chê rồi\r\nUống rượu phạt đỡ loay hoay\r\nChọn lựa bạn mà\r\nChọn lựa bạn mà chơi\r\nChọn lựa bạn mà\r\nChọn lựa bạn mà chơi','https://musicapphung.000webhostapp.com/music/y2meta.com%20-%20Rtee%20-%20Ch%E1%BB%8Dn%20B%E1%BA%A1n%20M%C3%A0%20Ch%C6%A1i%20(Prod.%20DTAP)%20(Official%20MV)%20(128%20kbps).mp3'),(9,13,2,'Đã từng vô giá','https://musicapphung.000webhostapp.com/Images/Music/datungvogia.jpg','Anh đã biết em nhớ thầm ai suốt một thời gian\r\nNgười đó ở cạnh bên và kiên nhẫn đợi chờ\r\nGiọt nước mắt mà anh khóc\r\nChẳng phải do duyên mình chấm dứt\r\nMà chính là phận mình phải quá sớm để lụi tàn\r\nHạnh phúc cớ sao càng giữ càng mong manh\r\nCó những nỗi đau ùa đến chẳng thể lành\r\nTình đẹp như phép màu ta gặp nhau\r\nNgập trong bao đắm say mà không biết kết thúc này\r\nMột ngày em đổi thay quên hết mối tình đã từng vô giá\r\nChỉ có anh là người được biết sau cùng\r\nEm ơi anh không đứng vững\r\nKhi đọc lời ngọt ngào tin nhắn kia\r\nLà em đã gửi nhầm anh phải không hoh\r\nAnh cứ bước vô thức chẳng cần biết mình ở đâu\r\nGiọng em trong suy nghĩ làm anh nhớ thẫn thờ\r\nEm quấn quýt ở mọi lúc\r\nBiết lắng nghe anh từng cảm xúc\r\nLà những gì mà anh nhớ trong ký ức của mình\r\nSau mỗi bước chân nặng trĩu là cô đơn\r\nVì mãi vắng đi một nửa của chính mình\r\nTình đẹp như phép màu ta gặp nhau\r\nNgập trong bao đắm say mà không biết kết thúc này\r\nMột ngày em đổi thay quên hết mối tình đã từng vô giá\r\nChỉ có anh là người được biết sau cùng\r\nDù vẫn yêu em vô hạn như ngày đầu ta mới quen\r\nNhớ em nhưng không thể em đã chọn bờ vai khác\r\nSẽ không ai nhớ rằng em từng thuộc về anh\r\nNước mắt anh không thể khóc cho ai ngoài em\r\nNếu em giữ anh lại câu chuyện cũng thế thôi\r\nChẳng thể yêu một người trong lòng đã thay đổi\r\nĐã đi qua giới hạn duyên trời tự vỡ nát\r\nNếu như ngay ban đầu đã không trân trọng nhau','https://musicapphung.000webhostapp.com/music/Da-Tung-Vo-Gia-Mr-Siro.mp3'),(10,13,2,'Day dứt nổi đau','https://musicapphung.000webhostapp.com/Images/Music/daydutnoidau.jpg','Chợt tỉnh giấc\r\nĐiều anh đã thấy như mới vừa xảy ra\r\nTrong mơ anh thấy em tìm anh\r\nGục vào vai anh mà\r\nTại sao thức dậy nước mắt rơi?\r\nNgày xưa em\r\nTừng ra đi bỏ lại người tổn thương là anh\r\nNhớ em day dứt không thể buông hết kỷ niệm cũ\r\nTại sao vẫn mong một người\r\nMột người đã từng làm anh đau\r\nTừng giờ từng phút ký ức bên nhau làm anh nhớ em\r\nMình chia tay nhau là điều anh chẳng muốn\r\nGiá như ngày em thay đổi anh có tình yêu mới\r\nGiá như tình yêu chỉ là một cơn mưa nước mắt đi qua\r\nTừ ngày mình chia tay không thể nào yêu ai khác em\r\nNgười không yêu anh thật lòng sao anh vẫn tin\r\nMỗi khi tình yêu bắt đầu, mưa cũng là hạnh phúc\r\nĐến khi niềm tin tan dần\r\nMột người lặng khóc trông một người\r\nBước đi\r\nĐiện thoại rung lên trong đêm\r\nGiật mình không tin người nhắn lại là em\r\nGiờ anh nên vui hay anh phải nén đau vào sâu thẳm trong lòng anh\r\nVì em nói nhớ anh, rất muốn gặp anh mà sợ ngày mai cũng chỉ còn mỗi anh\r\nTừng giờ từng phút ký ức bên nhau làm anh nhớ em\r\nMình chia tay nhau là điều anh chẳng muốn\r\nGiá như ngày em thay đổi, anh có tình yêu mới\r\nGiá như tình yêu chỉ là một cơn mưa nước mắt đi qua\r\nTừ ngày mình chia tay không thể nào yêu ai khác em\r\nNgười không yêu anh thật lòng sao anh vẫn tin?\r\nMỗi khi tình yêu bắt đầu mưa cũng là hạnh phúc\r\nĐến khi niềm tin tan dần\r\nMột người lặng khóc trong tuyệt vọng\r\nMà người ơi nếu như em là anh em có dám tin?\r\nVào tình yêu của chúng ta, đã đi qua những giới hạn\r\nGiá như thời gian quay lại anh vẫn còn tin em\r\nChắc không buồn như bây giờ\r\nCòn yêu nhưng chẳng đến được với nhau\r\nTừng một lần tổn thương rồi lần sau có thế không?\r\nDù tình yêu lớn đến đâu\r\nNước mắt rơi đã quá nhiều\r\nMỗi khi tình yêu bắt đầu, mưa cũng là hạnh phúc\r\nĐến khi niềm tin tan dần\r\nMột người lặng khóc trông theo một người\r\nBước đi','https://musicapphung.000webhostapp.com/music/Day-Dut-Noi-Dau-Mr-Siro.mp3'),(11,8,2,'Đế vương','https://musicapphung.000webhostapp.com/Images/Music/devuong.jpg','Một bậc quân vương mang trong con tim hình hài đất nước\r\nNgỡ như dân an ta sẽ chẳng bao giờ buồn\r\nNào ngờ một hôm ngao du nhân gian chạm một ánh mắt\r\nKhiến cho ta say ta mê như chốn thiên đường\r\nTrời cao như đang trêu ngươi thân ta khi bông hoa ấy\r\nTrót mang con tim trao cho một nam nhân thường\r\nGiận lòng ta ban cho bông hoa thơm hồi về cung cấm\r\nKhiến em luôn luôn bên ta mãi mãi không buông\r\nMà nào ngờ đâu thân em nơi đây tâm trí nơi nào\r\nNhìn về quê hương em ôm tương tư nặng lòng biết bao\r\nMột người nam nhân không vinh không hoa mà có lẽ nào\r\nNgười lại yêu thương quan tâm hơn ta một đế vương sao\r\nGiọt lệ quân vương không khi nào rơi khi nước chưa tàn\r\nMà tình chưa yên nên vương trên mi giọt buồn chứa chan\r\nĐành lòng buông tay cho em ra đi với mối tình vàng\r\nMột bậc quân vương uy nghiêm oai phong nhưng tim nát tan\r\nMột bậc quân vương mang trong con tim hình hài đất nước\r\nNgỡ như dân an ta sẽ chẳng bao giờ buồn\r\nNào ngờ một hôm ngao du nhân gian chạm một ánh mắt\r\nKhiến cho ta say ta mê như chốn thiên đường\r\nTrời cao như đang trêu ngươi thân ta khi bông hoa ấy\r\nTrót mang con tim trao cho một nam nhân thường\r\nGiận lòng ta ban cho bông hoa thơm hồi về cung cấm\r\nKhiến em luôn luôn bên ta mãi mãi không buông\r\nMà nào ngờ đâu thân em nơi đây tâm trí nơi nào\r\nNhìn về quê hương em ôm tương tư nặng lòng biết bao\r\nMột người nam nhân không vinh không hoa mà có lẽ nào\r\nNgười lại yêu thương quan tâm hơn ta một đế vương sao\r\nGiọt lệ quân vương không khi nào rơi khi nước chưa tàn\r\nMà tình chưa yên nên vương trên mi giọt buồn chứa chan\r\nĐành lòng buông tay cho em ra đi với mối tình vàng\r\nMột bậc quân vương uy nghiêm oai phong nhưng tim nát tan\r\nMà nào ngờ đâu thân em nơi đây tâm trí nơi nào\r\nNhìn về quê hương em ôm tương tư nặng lòng biết bao\r\nMột người nam nhân không vinh không hoa mà có lẽ nào\r\nNgười lại yêu thương quan tâm hơn ta một đế vương sao\r\nGiọt lệ quân vương không khi nào rơi khi nước chưa tàn\r\nMà tình chưa yên nên vương trên mi giọt buồn chứa chan\r\nĐành lòng buông tay cho em ra đi với mối tình vàng\r\nMột bậc quân vương uy nghiêm oai phong nhưng tim nát tan\r\nMột bậc quân vương mang trong con tim hình hài đất nước\r\nNgỡ như dân an ta sẽ chẳng bao giờ buồn\r\nNào ngờ một hôm ngao du nhân gian chạm một ánh mắt\r\nKhiến cho ta say ta mê như chốn thiên đường','https://musicapphung.000webhostapp.com/music/y2meta.com%20-%20%C4%90%E1%BA%BF%20V%C6%B0%C6%A1ng%20-%20%C4%90%C3%ACnh%20D%C5%A9ng%20_%20Dunghoangpham%20Cover%20(320%20kbps).mp3'),(12,16,2,'Đời dạy tôi','https://musicapphung.000webhostapp.com/Images/Music/Doidaytoi.jpg','Từ khi nằm nôi hay khóc nhè\r\nMẹ cha dìu tôi những bước đi,\r\nBước chân đầu đời, dấu chân đầu tiên\r\nRồi khi nhận ra tôi lớn dần\r\nChạy theo niềm tin cùng những đam mê thời cặp sách.\r\nĐời dạy tôi biết viết tương lai\r\nThời đôi mươi đến nhanh\r\nNgày chào mẹ cha, tôi bước đi\r\nĐời làm tôi ngã đau\r\nNhiều khi chỉ muốn trở về\r\nVề nơi mái ấm, nơi tôi từng xa…\r\n\r\nCHORUS:\r\nNếu thời gian cho tôi nhìn lại\r\nĐời dạy tôi vươn lên tồn tại\r\nNghĩ về lúc xưa khờ dại\r\nMới thấy hôm nay là xứng đáng\r\nĐời trao tôi thêm nụ cười\r\nĐời dạy tôi yêu thương mọi người\r\nNhưng rồi chớ quên\r\nKhóc cho người, khóc cho ai đã ở bên tôi..\r\n\r\nVER2\r\nTừ khi nào tôi biết nhớ nhung?\r\nTừ khi nào thôi biết đến yêu, tiếng yêu đầu đời, nụ hôn đầu tiên?\r\nHình như đã lâu chưa nhớ về\r\nNgười quen thuở xưa mà mỗi khi buồn lại bật khóc trên đôi vai tôi giờ thế nào…\r\nĐời làm tôi biết yêu\r\nVà đời dạy tôi nên biết đau\r\nBiết khi yêu cần hy sinh trái tim\r\nĐể ko hối tiếc ngày sau\r\nĐể ko hối tiếc những ai từng qua…\r\n\r\nCHORUS:\r\nNếu thời gian cho tôi nhìn lại\r\nĐời dạy tôi vươn lên tồn tại\r\nNghĩ về lúc xưa khờ dại\r\nMới thấy hôm nay là xứng đáng\r\nĐời trao tôi thêm nụ cười\r\nĐời dạy tôi yêu thương mọi người\r\nNhưng rồi chớ quên\r\nKhóc cho người, khóc cho ai đã ở bên tôi..','https://musicapphung.000webhostapp.com/music/%C4%90%E1%BB%9Di%20D%E1%BA%A1y%20T%C3%B4i%20(%C3%94ng%20Ngo%E1%BA%A1i%20Tu%E1%BB%95i%2030%20OST)_OnlyC_-1078088755.mp3'),(13,10,3,'Enemy','https://musicapphung.000webhostapp.com/Images/Music/enemy.jpg','Look out for yourself\r\nI wake up to the sounds of the silence that allows\r\nFor my mind to run around with my ear up to the ground\r\nI\'m searching to behold the stories that are told\r\nWhen my back is to the world that was smiling when I turned\r\nTell you, you\'re the greatest\r\nBut once you turn, they hate us\r\nOh, the misery\r\nEverybody wants to be my enemy\r\nSpare the sympathy\r\nEverybody wants to be my enemy\r\nLook out for yourself\r\nMy enemy\r\nLook out for yourself\r\nBut I\'m ready\r\nYour words up on the wall as you\'re praying for my fall\r\nAnd the laughter in the halls\r\nAnd the names that I\'ve been called\r\nI stack it in my mind and I\'m waiting for the time\r\nWhen I show you what it\'s like to be words spit in a mic\r\nTell you, you\'re the greatest\r\nBut once you turn, they hate us (ha)\r\nOh, the misery\r\nEverybody wants to be my enemy\r\nSpare the sympathy\r\nEverybody wants to be my enemy\r\nLook out for yourself\r\nMy enemy (yeah)\r\nLook out for yourself\r\nUh, look, okay\r\nI\'m hoping that somebody pray for me\r\nI\'m praying that somebody hope for me\r\nI\'m staying where nobody \'posed to be\r\nPosted, being a wreck of emotions\r\nReady to go whenever, just let me know\r\nThe road is long, so put the pedal into the floor\r\nThe enemy on my trail, my energy unavailable\r\nI\'ma tell \'em, \"Hasta luego\"\r\nThey wanna plot on my trot to the top\r\nI\'ve been outta shape, thinkin\' out the box\r\nI\'m an astronaut, I blasted off the planet rock\r\nTo cause catastrophe and it matters more because I had it\r\nAnd I had a thought about wreaking havoc on an opposition, kinda shockin\'\r\nThey want a static with precision, I\'m automatic quarterback\r\nI ain\'t talking sacking pack it, pack it up, I don\'t panic, batter-batter up\r\nWho the baddest? It don\'t matter \'cause we at ya throat\r\nEverybody wants to be my enemy\r\nSpare the sympathy\r\nEverybody wants to be my enemy\r\nOh, the misery\r\nEverybody wants to be my enemy\r\nSpare the sympathy\r\nEverybody wants to be my enemy (I swear)\r\nPray it away, I swear, I never be a saint, no way\r\nMy enemy\r\nPray it away, I swear, I never be a saint\r\nLook out for yourself','https://musicapphung.000webhostapp.com/music/y2meta.com%20-%20Imagine%20Dragons,%20JID%20-%20Enemy%20(Lyrics)%20(320%20kbps).mp3'),(14,11,2,'Hành lang cũ','https://musicapphung.000webhostapp.com/Images/Music/hanhlangcu.jpg','Gió thổi vi vu, nắng lên qua ô cửa\r\nTrời vút cao ô ồ vài lá me rơi\r\nMùa hạ về trong lòng nhớ thương\r\nMùa hạ về trong lòng nhớ ai.\r\nĐâu đó cơn mưa nhẹ rơi, làm tôi nhớ em nhiều thêm\r\nLàm sao quên hành lang ngày nắng và gió.\r\nLàm sao quên hình bóng ai đi ngang đó.\r\nGiọng nói người vẫn còn đây, mà sao em xa nơi này.\r\nEm giờ vui nơi tình nhân mới\r\nTôi ngồi đây men say tình vui với tiếng đàn tôi buông\r\nLã lơi trong đêm trường\r\nEm giờ đây vui tình nhân mới.\r\nTôi ngồi đây ôm đàn tôi hát, cho vơi đi nỗi lòng một mình tôi thâu.\r\nLàm sao quên hành lang ngày nắng và gió.\r\nLàm sao quên hình bóng ai đi ngang đó.\r\nGiọng nói người vẫn còn đây, mà sao em xa nơi này.\r\nEm giờ đây vui nơi tình nhân mới\r\nTôi ngồi đây men say tình vui với tiếng đàn tôi buông\r\nLã lơi trong đêm trường.\r\nEm giờ đây vui tình nhân mới\r\nTôi ngồi đây ôm đàn tôi hát, cho vơi đi nỗi sầu một mình tôi thâu.\r\nMột mình tôi thấu.','https://musicapphung.000webhostapp.com/music/y2mate.com%20-%20H%C3%80NH%20LANG%20C%C5%A8%20H%E1%BA%A0%20NH%E1%BB%9A%20%20LONG%20N%C3%93N%20L%C3%81%20ft%20H%C6%AF%C6%A0NG%20LY%20%20NEW%20RAP%20BALLAD%20VERSION%20%20OFFICIAL%20MUSIC%20VIDEO_320kbps.mp3'),(15,14,2,'Hẹn ước từ hư vô','https://musicapphung.000webhostapp.com/Images/Music/henuoctuhuvo.jpg','Mình không tìm nhau\r\nMà vô tình vương vấn sau tiếng ca chiều mưa\r\nThân thương trong từng đong đưa mắt môi về em\r\nMùa xuân ấy có nụ cười lấp lánh\r\nỞ gần bên anh\r\nEm vui như bao nhiêu lâu trở lại mùa yêu đầu\r\nVẫn bỡ ngỡ ban sơ ở trong từng ánh nhìn\r\nVẫn da diết nỗi ưu phiền khi phải chờ mong\r\nHay là đôi ta hẹn ước từ hư vô\r\nĐể gặp nhau chỉ khi vừa ngày giờ\r\nAnh và em bước chung đoạn đường đời\r\nMình yêu nhau có trời đất biết\r\nTa được chung đôi như suối, được trăng thanh\r\nDịu êm yên lắng như em an bình mọi giây với anh\r\nSau những cô đơn tổn thương đã xa\r\nTa lại thấy con tim hiền hòa\r\nHạt mưa trên mái hiên\r\nLâu nay thi thoảng nhắc em không quên ngày nên thơ\r\nRiêng em chỉ biết cảm ơn nhân duyên chuyện hôm qua\r\nVì mùa hoa ấy anh sang thăm em\r\nCùng một tình yêu lớn lao\r\nBàn tay, đôi vai\r\nĐưa em tự do bước theo giấc mơ chẳng lo sợ (chẳng lo sợ)\r\nVà cách chúng ta thấu hiểu nhau\r\nÂn cần muôn khoảnh khắc\r\nChẳng thua gì phép màu\r\nHay là đôi ta hẹn ước từ hư vô\r\nĐể gặp nhau chỉ khi vừa ngày giờ\r\nAnh và em bước chung đoạn đường đời\r\nMình yêu nhau có trời đất biết\r\nTa được chung đôi như suối, được trăng thanh\r\nDịu êm yên lắng như em an bình mọi giây với anh\r\nSau những cô đơn tổn thương đã xa\r\nTa lại thấy con tim hiền hòa\r\nHay là đôi ta hẹn ước từ hư vô\r\nĐể gặp nhau chỉ khi vừa ngày giờ\r\nAnh và em bước chung đoạn đường đời\r\nMình yêu nhau có trời đất biết\r\nTa được chung đôi như suối, được trăng thanh\r\nDịu êm yên lắng như em an bình mọi giây với anh\r\nSau những cô đơn tổn thương đã xa\r\nTa lại thấy con tim hiền hòa\r\nSau những cô đơn tổn thương đã xa\r\nTa lại thấy con tim hiền hòa','https://musicapphung.000webhostapp.com/music/y2meta.com%20-%20M%E1%BB%B8%20T%C3%82M%20-%20H%E1%BA%B8N%20%C6%AF%E1%BB%9AC%20T%E1%BB%AA%20H%C6%AF%20V%C3%94%20(LIVE)%20_%20MY%20SOUL%201981%20(320%20kbps).mp3'),(16,17,2,'Khi người lớn cô đơn','https://musicapphung.000webhostapp.com/Images/Music/khinguoiloncodon.jpg','Thành phố bé thế thôi\r\nMà tìm hoài chẳng được\r\nTìm hoài sao chẳng thấy nhau giữa chốn đông người\r\nThành phố bé đến thế thôi\r\nMà tìm hoài không thấy\r\nChút ấm áp, chút yêu thương riêng mình\r\nChiều đứng giữa ngã tư nhìn dòng xe tấp nập\r\nDừng lại bên quán nước, khu chợ vắng thưa người\r\nNào nhắm mắt chút thôi\r\nMặt trời đang không hát\r\nNắng sắp tắt, chẳng buông lời hình như\r\nChiều tôi lên xe loay hoay giữa thành phố không màu\r\nNhạc Trịnh ngân lên nghe da diết gầy hao\r\nMùi thuốc lá bay bay\r\nMùi cafe sao đắng lòng\r\nTrạm xe dừng không ai đón đưa\r\nLà vì tôi cô đơn giữa đường phố thân thuộc\r\nLà vì tôi hôm nay cô đơn giữa đời trôi\r\nRồi có những đêm mưa nằm nghe câu ca rất xưa\r\nTừ radio phát lên nghe thật buồn\r\nThành phố bé thế thôi\r\nMà tìm hoài chẳng được\r\nTìm hoài sao chẳng thấy nhau giữa chốn đông người\r\nNào nhắm mắt chút thôi\r\nMặt trời đang không hát\r\nNắng sắp tắt, chẳng buông lời hình như\r\nChiều tôi lên xe loay hoay giữa thành phố không màu\r\nNhạc Trịnh ngân lên nghe da diết gầy hao\r\nMùi thuốc lá bay bay\r\nMùi cafe sao đắng lòng\r\nTrạm xe dừng không ai đón đưa\r\nLà vì tôi cô đơn giữa đường phố thân thuộc\r\nLà vì tôi hôm nay cô đơn giữa đời trôi\r\nRồi có những đêm mưa\r\nNằm nghe câu ca rất xưa\r\nTừ radio phát lên nghe buồn lắm\r\nLà vì tôi cô đơn giữa đường phố thân thuộc\r\nLà vì tôi hôm nay cô đơn giữa đời trôi\r\nRồi có những đêm mưa nằm nghe câu ca rất xưa\r\nTừ radio phát lên, nghe buồn lắm\r\nRồi có những đêm mưa nằm nghe câu ca rất xưa\r\nTừ radio phát lên nghe thật buồn\r\nNgười lớn cô đơn, tự mình trong bao nghĩ suy\r\nNgồi bên ai sao thấy riêng tôi quạnh hiu','https://musicapphung.000webhostapp.com/music/Khi%20Ng%C6%B0%E1%BB%9Di%20L%E1%BB%9Bn%20C%C3%B4%20%C4%90%C6%A1n_Ph%E1%BA%A1m%20H%E1%BB%93ng%20Ph%C6%B0%E1%BB%9Bc_-1074668552.mp3'),(17,21,2,'Làm ơn','https://musicapphung.000webhostapp.com/Images/Music/lamon.jpg','Đừng rời xa tôi vì tôi lỡ yêu người mất rồi\r\nVà con tim tôi từ ngày ấy khi bước vào cuộc đời\r\nBiết mãi về sau chỉ luôn yêu một người một người thôi\r\nLại ngồi lại bên tôi một phút cuối khi ngày sắp tàn\r\nVì sợ ngày mai sang tình đi khắp nơi thật vội vàng\r\nBiết chăng ngày mai sẽ lại nhớ điên đầu\r\nHãy ngồi lại bên tôi\r\nChỉ một phút thôi cho đời tôi thêm dài\r\nThêm tình yêu vào trong những giấc mơ\r\nBao đêm nhớ\r\nChỉ một ánh mắt thôi cho con tim thêm yên bình\r\nTôi thao thức tôi héo mòn vì nỗi nhớ\r\nĐừng bỏ rơi tôi dù con lốc sắp đến nơi rồi\r\nNày bờ vai tôi làm chiếc gối nhẹ̣ ru lòng người\r\nHãy nép vào nhau để đc thấy yên bình\r\nLàm ơn\r\nHãy cứ đi về nơi xa đó\r\nNhưng đừng đi quá xa vời\r\nĐể tôi được dõi theo người\r\nĐừng nói không tin vì đã bao giờ bắt tin\r\nHãy cứ nghe thôi khi tôi nói tôi tin người\r\nĐể tôi mãi tin và bước tiếp trên cuộc đời\r\nLàm ơn làm ơn\r\nĐừng nói chia tay vì đã bao giờ nói yêu\r\nHãy cứ lặng yên khi tôi nói tôi yêu người\r\nĐể tôi được sống với ước mơ được yêu mãi\r\nHuh ah huh oh\r\nChỉ một phút thôi cho đời tôi thêm dài\r\nThêm tình yêu vào trong những giấc mơ\r\nBao đêm nhớ\r\nChỉ một ánh mắt thôi cho con tim thêm yên bình\r\nTôi thao thức tôi héo mòn vì nỗi nhớ\r\nHãy cứ đi về nơi xa đó (cứ đi về)\r\nNhưng đừng đi quá xa vời\r\nĐể tôi được dõi theo người\r\nHãy cứ rong chơi suốt cuộc đời\r\nChỉ cần đến bên tôi\r\nVào những tháng năm cuối đời\r\nHuh hoh','https://musicapphung.000webhostapp.com/music/L%C3%A0m%20%C6%A0n_Tr%E1%BA%A7n%20Trung%20%C4%90%E1%BB%A9c_-500510.mp3'),(18,5,2,'Lặng yên','https://musicapphung.000webhostapp.com/Images/Music/langyen.jpg','Ở một nơi xa xôi bao quanh là núi đồi\r\nChuyện tình yêu vẫn cứ như thế sinh ra là có đôi\r\nNgười chọn sinh ra thôi không may bị cuốn trôi\r\nVài mảnh đời sinh ra không cho nhau đặt cạnh nên biết đau\r\nVà giọt nước mắt cứ thế tự nhiên lăn trên hàng mi giống như đời\r\nNgày qua mới biết mơ thôi mà sao vội trôi ngọt ngào đành chia phôi\r\nLồng ngực còn nhói chưa thôi ngày đã sang vội phải trôi tiếp với đời\r\nTrớ trêu như đời hiển nhiên như đời\r\nĐiều gì gắn kết khi những hân hoan đặt ngay cạnh bên những bẽ bàng\r\nRàng buộc không đáng yêu thương dở dang người trong cuộc ngày thêm hoang mang\r\nLàm bạn trọn quãng mênh mang (hơ) ngày sang đêm cạn mình buông nhau khẽ khàng\r\nĐể cuốn theo gió ngàn lẩn giữa những đốm vàng\r\nTình khẽ bay nhẹ nhàng\r\nỞ một nơi xa xôi bao quanh là núi đồi\r\nChuyện tình yêu vẫn cứ cũ như thế sinh ra là có đôi\r\nNgười chọn sinh ra thôi không may bị cuốn trôi\r\nVài mảnh đời sinh ra không cho nhau đặt cạnh nên biết đau\r\nVà giọt nước mắt cứ thế tự nhiên lăn trên hàng mi giống như đời\r\nNgày qua mới biết mơ thôi mà sao vội trôi ngọt ngào đành chia phôi\r\nLồng ngực còn nhói chưa thôi ngày đã sang vội phải trôi tiếp như đời\r\nTrớ trêu như đời hiển nhiên như đời\r\nĐiều gì gắn kết khi những hân hoan đặt ngay cạnh bên những bẽ bàng\r\nRàng buộc không đáng yêu thương dở dang người trong cuộc ngày thêm hoang mang\r\nLàm bạn trọn quãng mênh mang ngày sang đêm cạn mình buông nhau khẽ khàng\r\nĐể cuốn theo gió ngàn lẩn giữa những đốm vàng\r\nVà giọt nước mắt cứ thế tự nhiên lăn trên hàng mi giống như đời (oh)\r\nNgày qua mới biết mơ thôi mà sao vội trôi ngọt ngào đành chia phôi\r\nLồng ngực còn nhói chưa thôi ngày đã sang vội phải trôi tiếp với đời\r\nTrớ trêu như đời hiển nhiên như đời\r\nĐiều gì gắn kết khi những hân hoan đặt ngay cạnh bên những bẽ bàng (oh)\r\nRàng buộc không đáng yêu thương dở dang người trong cuộc ngày thêm hoang mang\r\nLàm bạn trọn quãng mênh mang ngày sang đêm cạn mình buông nhau khẽ khàng\r\nĐể cuốn theo gió ngàn lẩn giữa những đốm vàng\r\nTình khẽ bay nhẹ nhàng\r\nKhẽ bay (khẽ bay) nhẹ nhàng (nhẹ nhàng)','https://musicapphung.000webhostapp.com/music/y2meta.com%20-%20L%E1%BA%B7ng%20y%C3%AAn%20%E2%80%A3%20B%C3%B9i%20Anh%20Tu%E1%BA%A5n%20ft.%20%C3%81i%20Ph%C6%B0%C6%A1ng%20[MV%20Lyric]%20(256%20kbps).mp3'),(19,6,1,'Mang tiền về cho mẹ','https://musicapphung.000webhostapp.com/Images/Music/mangtien.jpg','Mang tiền về cho mẹ\r\nMang tiền về cho mẹ\r\nMang tiền về cho mẹ\r\nĐừng mang ưu phiền về cho mẹ\r\nMang tiền về cho mẹ\r\nMang tiền về cho mẹ\r\nMang tiền về cho mẹ\r\nĐừng mang ưu phiền về cho mẹ\r\nOh\r\nNếu không có mẹ con cũng chỉ là đồ bỏ mà thôi\r\nSẽ không có nề có nếp dù đặt mình lên cái chõ đồ xôi\r\nCái máy tính mà con thu âm mấy bài đầu\r\nMẹ đổi bằng nhiều ngày đổ mồ hôi (ướt nhoè)\r\nGiờ con đã đi làm và con kiếm tiền về\r\nMẹ chỉ cần ngồi đó mà xơi oh (nước chè)\r\nÔi những ngày xám ngoét\r\nGió liêu xiêu dáng mẹ gầy so\r\nCó khi mẹ ngất giữa đường vì cả ngày chẳng có gì no\r\nMẹ không dám ăn không dám mặc\r\nKhông dám tiêu cũng chỉ vì lo (lo cho con)\r\nGiờ con đeo túi tò te đi mua cho mẹ cái túi Dior\r\nTiếng nói đầu tiên là do ai dạy (chính là mẹ)\r\nNét chữ đầu tiên là tay ai cầm (chính là mẹ)\r\nSai lầm đầu tiên là nhờ ai sửa (chính là mẹ)\r\nVấp ngã đầu đời là được ai nâng (luôn là mẹ)\r\nBài hát hay nhất trần đời là lời mẹ ru giữa trưa nắng hè (trưa nắng hè)\r\nNhững ngày dài nhất trần đời là mẹ đi chợ xa chưa thấy về (chưa thấy về)\r\nThức ăn ngon nhất trần đời là cơm bếp củi mẹ nấu xoong gang (quá ngon)\r\nBước ra đời là ông này bà nọ trở về nhà là một đứa con ngoan (yeah)\r\nBước ra đời là ông này bà nọ trở về nhà là một đứa con ngoan oh yeah\r\nNhững đứa trẻ rồi sẽ đi xa nhà\r\nSẽ có rất nhiều hành trình qua trong đời\r\nMặc dù đời có lúc chẳng được như mong đợi\r\nRời xa mái nhà đừng hòng còn ai nuông chiều\r\nNhững đứa trẻ sẽ phải đi xa nhà\r\nSẽ phải nếm rất nhiều mặn ngọt cay chua đắng\r\nMẹ chỉ muốn chúng mày phải tự lo cho mình\r\nVề đây mà gầy là mẹ cho ăn đòn\r\nMang tiền về cho mẹ (mẹ ơi)\r\nMang tiền về cho mẹ (mẹ à)\r\nMang tiền về cho mẹ\r\nĐừng mang ưu phiền về cho mẹ\r\nMang tiền về cho mẹ (mẹ ơi)\r\nMang tiền về cho mẹ (mẹ à)\r\nMang tiền về cho mẹ\r\nĐừng mang ưu phiền về cho mẹ\r\nCon đã kiếm được tiền từ hình ảnh\r\nKiếm được tiền từ âm thanh\r\nTất cả đều do cha sinh mẹ đẻ\r\nDù không phải thế phiệt hay trâm anh\r\nNgười hâm mộ đợi con từ Đồng Khởi\r\nXếp hàng dài đến hết đường Ký Con\r\nXin chữ ký con\r\nCon rất quý họ và cũng hy vọng là họ đều quý con\r\nTiền của con không có cần phải rửa\r\nNó cũng chỉ ám mùi mồ hôi\r\nMẹ yên tâm con là công dân tốt\r\nĐóng thuế đều và chỉ có đủ mà thôi\r\nNhạc con phiêu ở nhiều phương diện\r\nTiền con kiếm là tiền lương thiện\r\nĐem sức lực ra làm phương tiện\r\nSống phải đẹp như là hoa hậu dù không cần thiết được tặng vương miện oh\r\nCon trai giống mẹ nên là con hiền khô\r\nLao vào đời không làm mẹ thêm phiền lo\r\nBỏ qua dè bỉu không cho cơm no\r\nMang về cho mẹ toàn tiền thơm tiền tho\r\nMẹ là mẹ của con\r\nCon là của mọi người\r\nLên sâu khấu làm mọi người vui\r\nVề nhà làm cho mẹ cười\r\nVì thời gian nó thật là tàn khốc nên con thấy mình càng ngày càng non gan\r\nBao nhiêu tiền mua lại được một ngày mà con còn ngồi vừa lọt cái xoong gang (xoong gang)\r\nMuốn được nghe tiếng mẹ mắng mỗi ngày để con thấy mình còn chưa được khôn ngoan\r\nCon trai mẹ chỉ là người phục vụ nhưng muốn đời đối xử với mẹ như một bà hoàng\r\nNhư một bà hoàng\r\nNhững đứa trẻ rồi sẽ đi xa nhà (như một bà hoàng)\r\nSẽ có rất nhiều hành trình qua trong đời\r\nMặc dù đời có lúc chẳng được như mong đợi\r\nRời xa mái nhà đừng hòng còn ai nuông chiều\r\nNhững đứa trẻ sẽ phải đi xa nhà\r\nSẽ phải nếm rất nhiều mặn ngọt cay chua đắng\r\nMẹ chỉ muốn chúng mày phải tự lo cho mình\r\nVề đây mà gầy là mẹ cho ăn đòn\r\nMấy đứa chúng mày liệu mà ăn cho nhiều\r\nĐừng ham chơi và chọn bạn mà chơi cho đúng\r\nNếu có gì gọi điện ngay cho mẹ\r\nChạy xe ra đường đừng rồ ga bốc đầu\r\nRa bên ngoài học điều hay mang về\r\nĐừng mang mất dạy mày về đây tao đánh\r\nTiền đã khó kiếm rồi tập xài cho tiết kiệm\r\nĐừng hút thuốc nhiều mày lại như ba mày\r\nÀ á a à ời\r\nÀ á a à ơi\r\nÀ á a à ời\r\nÀ á a à ơi\r\nÀ á a à ời\r\nÀ á a à ơi\r\nÀ á a à ời\r\nÀ á a à ơi\r\nAh con biết thời gian lạnh lùng và tàn khốc\r\nNó ám người ta từ da tới làn tóc\r\nVà không có ngoại lệ cũng không có miễn trừ\r\nLà người quan sát không bao giờ có điểm mù\r\nMẹ bán lưng cho trời bán mặt cho đất\r\nMẹ dạy đôi chân đừng dao động như con lắc\r\nVà nếu có nhiều tiền con sản xuất son môi\r\nMàu cho các mẹ con đặt tên là son sắt\r\nDù không phải doanh nhân con vẫn có kế toán\r\nĐể tiền của con không có đứa nào thó mất\r\nVì tay mẹ đã có có quá nhiều vết chai\r\nNên con đưa tiền để mẹ cầm cho nó chắc\r\nChim thì có tổ là con người thì chắc chắn phải có tông\r\nMuốn bay vào trời cao rộng con nào không cần có lông\r\nMang tiền về cho mẹ hiền để mẹ may thêm đôi cánh\r\nMang buồn về cho mẹ phiền sẽ gặp ngay thiên lôi đánh\r\nNhạc Rap đến từ Đông Nam Á (Việt Nam)\r\nMang lời mẹ bật cho bảy lục địa nghe (tiếng Việt)\r\nVâng lời mẹ không gian trá\r\nXuất khẩu âm nhạc mang tiền về ya\r\nĐưa tiền cho mẹ mẹ là tiền vệ\r\nĐừng làm điều xấu sẽ thành tiền lệ\r\nLao động hăng say hơn cả tiền đề\r\nCầm về tiền tốt đừng có cầm về tiền tệ (đừng có cầm về tiền tệ)\r\nYeah\r\nĐưa tiền cho mẹ mẹ là tiền vệ\r\nĐừng làm điều xấu sẽ thành tiền lệ\r\nLao động hăng say hơn cả tiền đề\r\nCầm về tiền tốt đừng có cầm về tiền tệ ya\r\nEy cũng may là từng lênh đênh để con biết yếu thì đừng ra gió\r\nCũng may là friend của Đen họ chưa bao giờ từng la ó\r\nCũng may là tìm thấy đường trong bao la muôn trùng xa đó\r\nVà cũng may là ba mẹ nghèo để cho con biết tiền làm ra khó ya\r\nCũng may là từng lênh đênh để con biết yếu thì đừng ra gió\r\nCũng may là fan của Đen họ chưa bao giờ từng la ó\r\nCũng may là tìm thấy đường trong bao la muôn trùng xa đó\r\nCũng may là ba mẹ nghèo để cho con biết tiền làm ra khó\r\nMang tiền về cho mẹ\r\nMang tiền về cho mẹ\r\nMang tiền về cho mẹ\r\nĐừng mang ưu phiền về cho mẹ oh\r\nMang tiền về cho mẹ (về cho mẹ)\r\nMang tiền về cho mẹ (về cho mẹ)\r\nMang tiền về cho mẹ\r\nBa cần thì xin mẹ','https://musicapphung.000webhostapp.com/music/y2meta.com%20-%20%C4%90en%20-%20Mang%20Ti%E1%BB%81n%20V%E1%BB%81%20Cho%20M%E1%BA%B9%20ft.%20Nguy%C3%AAn%20Th%E1%BA%A3o%20(M_V)%20(320%20kbps).mp3'),(20,1,3,'My mother told me','https://musicapphung.000webhostapp.com/Images/Music/mymothertoldme.jpg','My mother told me\r\nSomeday I will buy\r\nGalleys with good oars\r\nSail to distant shores\r\nMy mother told me\r\nSomeday I will buy (buy)\r\nGalleys with good oars\r\nSail to distant shores\r\nStand up on the prow\r\nNoble baroque I steer\r\n(Steady) steady course to the haven\r\nHew many foe-men\r\nHew many foe-men\r\nMy mother told me\r\nSomeday I will buy\r\nGalleys with good oars\r\nSail to distant shores\r\nMy mother told me\r\nSomeday I will buy (buy)\r\nGalleys with good oars\r\nSail to distant shores\r\nStand up on the prow\r\nNoble baroque I steer\r\n(Steady) steady course to the haven\r\nHew many foe-men\r\nHew-\r\nHey\r\nHey\r\nHey\r\nHey\r\nHey\r\nHey\r\nSomeday','https://musicapphung.000webhostapp.com/music/y2meta.com%20-%20My%20mother%20told%20me%20(320%20kbps).mp3'),(21,9,2,'Nàng thơ','https://musicapphung.000webhostapp.com/Images/Music/nangtho.jpg','Em, ngày em đánh rơi nụ cười vào anh\r\nCó nghĩ sau này em sẽ chờ\r\nVà vô tư cho đi hết những ngây thơ\r\nAnh, một người hát mãi những điều mong manh\r\nLang thang tìm niềm vui đã lỡ\r\nChẳng buồn dặn lòng quên hết những chơ vơ\r\nTa yêu nhau bằng nỗi nhớ chưa khô trên những bức thư\r\nTa đâu bao giờ có lỗi khi không nghe tim chối từ\r\nChỉ tiếc rằng\r\nEm không là nàng thơ\r\nAnh cũng không còn là nhạc sĩ mộng mơ\r\nTình này nhẹ như gió\r\nLại trĩu lên tim ta những vết hằn\r\nTiếng yêu này mỏng manh\r\nGiờ tan vỡ, thôi cũng đành\r\nXếp riêng những ngày tháng hồn nhiên\r\nTrả lại...\r\nMai, rồi em sẽ quên ngày mình khờ dại\r\nMong em kỷ niệm này cất lại\r\nMong em ngày buồn thôi ướt đẫm trên vai\r\nMai, ngày em sải bước bên đời thênh thang\r\nChỉ cần một điều em hãy nhớ\r\nCó một người từng yêu em tha thiết vô bờ\r\nEm không là nàng thơ\r\nAnh cũng không còn là nhạc sĩ mộng mơ\r\nTình này nhẹ như gió\r\nLại trĩu lên tim ta những vết hằn\r\nTiếng yêu này mỏng manh\r\nGiờ tan vỡ, thôi cũng đành\r\nXếp riêng những ngày tháng hồn nhiên\r\nTrả hết cho em\r\nEm không là nàng thơ\r\nAnh cũng không còn là nhạc sĩ mộng mơ\r\nTình này nhẹ như gió\r\nLại trĩu lên tim ta những vết hằn\r\nTiếng yêu này mỏng manh\r\nGiờ tan vỡ, thôi cũng đành\r\nXếp riêng những ngày tháng hồn nhiên\r\nTrả hết cho em','https://musicapphung.000webhostapp.com/music/y2meta.com%20-%20N%C3%A0ng%20Th%C6%A1%20_%20Ho%C3%A0ng%20D%C5%A9ng%20_%20Official%20MV%20(192%20kbps).mp3'),(22,13,2,'Người con gái anh không thể quên','https://musicapphung.000webhostapp.com/Images/Music/ncganhkothequen.jpg','Anh sẽ đón em\r\nTrong giấc mơ của ngày xưa\r\nƯớc gì tình mình chưa tan anh không thể quên một người\r\nMà đã có quá nhiều điều để nhớ\r\nNhững cuộc tình về sau luôn làm tim anh đau\r\nVì anh không thể quên\r\nNgười con gái rất hay cười\r\nNhưng luôn chất chứa những nỗi buồn\r\nChôn giấu là em đó em biết không\r\nNiềm tin anh đã trao trọn cho em\r\nSao anh tìm được em\r\nKhi em đã hạnh phúc bên người em yêu\r\nĐã có quá nhiều điều để nhớ để yêu\r\nNgười con gái anh không thể nào quên là em\r\nĐã có quá nhiều điều để nhớ để yêu\r\nNgười con gái anh không thể nào quên là em\r\nNếu trên đời có phép màu\r\nAnh sẽ nguyện thời gian được quay trở về ngày được ở bên cạnh em\r\nNếu trên đời này có phép màu huh\r\nNếu trên đời có phép màu\r\nEm có biết không (nobody)\r\nKhông có ai thay được em (nobody)\r\nBởi vì tình mình chia đôi anh đã mất em thật rồi\r\nMà đã có quá nhiều điều để nhớ (nobody)\r\nNhững cuộc tình về sau (nobody)\r\nChỉ làm anh nhớ em\r\nVì anh không thể quên\r\nNgười con gái rất hay cười\r\nNhưng luôn chất chứa những nỗi buồn\r\nChôn giấu là em đó em biết không\r\nNiềm tin anh đã trao trọn cho em\r\nSao anh tìm được em\r\nKhi em đã hạnh phúc bên người em yêu\r\nĐã có quá nhiều điều để nhớ để yêu\r\nNgười con gái anh không thể nào quên là em\r\nĐã có quá nhiều điều để nhớ để yêu\r\nNgười con gái anh không thể nào quên là em\r\nAnh chỉ biết một điều mãi mãi rằng em sẽ không quay lại\r\nVì anh đã làm em đau nên chúng ta mới cách xa\r\nGiờ chẳng biết em em ở nơi nào và có nhớ anh hay không\r\nHay em vẫn hạnh phúc bên người em yêu\r\nĐã có quá nhiều điều để nhớ (huh)\r\nHuh (huh)\r\nNgười con gái anh không thể nào quên (huh)\r\nLà em (huh)\r\nHuh huh huh huh','https://musicapphung.000webhostapp.com/music/Nguoi-Con-Gai-Anh-Khong-The-Quen-Mr-Siro.mp3'),(23,7,2,'Ngày chưa giông bão','https://musicapphung.000webhostapp.com/Images/Music/ngaychuagiongbao.jpg','Vì ta yêu nhau như cơn sóng vỗ\r\nQuẩn quanh bao năm không buông mặt hồ\r\nThuyền anh đi xa bờ thì em vẫn dõi chờ\r\nDuyên mình dịu êm thơ rất thơ\r\nVà anh nâng niu em như đoá hoa\r\nCòn em xem anh như trăng ngọc ngà\r\nTự do như mây vàng mình phiêu du non ngàn\r\nDẫu trần gian bao la đến đâu nơi anh là nhà hah\r\nHah\r\nKhi anh qua thung lũng và bóng đêm ghì bàn chân\r\nĐời khiến anh chẳng còn nhiều luyến lưu\r\nAnh mong lau mắt em khô\r\nTa yêu sai hay đúng\r\nCòn thấy đau là còn thương\r\nKhi bão qua rồi biết đâu sẽ đi tới nơi của ngày đầu\r\nHết muộn sầu\r\nLạc bước giữa những đam mê tăm tối\r\nLiệu máu vẫn nóng nơi tim bồi hồi\r\nNgười năm xưa đâu rồi lạnh băng tiếng khóc cười\r\nAnh ở nơi xa xôi vô lối\r\nMặt đất níu giữ đôi chân chúng ta\r\nThì bay lên trong cơn mơ kỳ lạ\r\nỞ đó anh vẫn là người yêu thương chan hoà\r\nDẫu trần gian cho anh đắng cay nơi em là nhà hah\r\nHah\r\nKhi anh qua thung lũng và bóng đêm ghì bàn chân\r\nĐời khiến anh chẳng còn nhiều luyến lưu\r\nAnh mong lau mắt em khô\r\nTa yêu sai hay đúng\r\nCòn thấy đau là còn thương\r\nKhi bão qua rồi biết đâu sẽ đi tới nơi của ngày đầu\r\nHết muộn sầu\r\nAh\r\nKhi anh qua thung lũng và bóng đêm ghì bàn chân\r\nĐời khiến anh chẳng còn nhiều luyến lưu\r\nAnh mong lau mắt em khô\r\nTa yêu sai hay đúng\r\nCòn thấy đau là còn thương\r\nKhi bão qua rồi biết đâu sẽ đi tới nơi của ngày đầu\r\nKhi anh qua thung lũng và bóng đêm ghì bàn chân\r\nĐời khiến anh chẳng còn nhiều luyến lưu\r\nAnh mong lau mắt em khô\r\nTa yêu sai hay đúng\r\nCòn thấy đau là còn thương\r\nKhi bão qua rồi biết đâu sẽ đi tới nơi của ngày đầu\r\nHết muộn sầu\r\nVì ta yêu nhau như cơn sóng vỗ\r\nQuẩn quanh bao năm không buông mặt hồ\r\nThuyền anh đi xa bờ thì em vẫn dõi chờ\r\nDuyên mình dịu êm thơ rất thơ','https://musicapphung.000webhostapp.com/music/Ngay-Chua-Giong-Bao-Nguoi-Bat-Tu-OST-Bui-Lan-Huong.mp3'),(24,22,2,'Oa Oa','https://musicapphung.000webhostapp.com/Images/Music/oaoa.png',NULL,'https://musicapphung.000webhostapp.com/music/y2meta.com%20-%20Oa%20Oa%20-%20T%C3%B9ng%20D%C6%B0%C6%A1ng%20_%20Human%20Live%20Concert%202020%20Full%20HD%20(320%20kbps).mp3'),(25,4,1,'Tranh khuyết','https://musicapphung.000webhostapp.com/Images/Music/tranhkhuyet.jpg','Sinh ra vào ngày tốt nhưng không phải số may\r\nMuốn gì phải tự xây bằng đôi tay đấy\r\nChim không mang theo cánh nhưng vẫn cố bay\r\nNếu mà đứng chờ lâu là bị quay đấy\r\n\r\nCó người muốn dùng lời nói để chế ngự nhau\r\nCứ để người ta hạ thấp cũng cố để tự cao\r\nLời nói nếu không sưởi ấm thì cũng đừng giá băng\r\nNhiều khi mình buông lời ghim vào tim người ta, lòng tin bị cắt thật sâu vào trong\r\nMiệng không kịp thốt ra câu nào không\r\n\r\nNhiều lần lạc lối để lời nhạc nói nhưng mà chưa câu nào thông\r\nƯớc mơ nhiều lúc vượt xa vòng tay thì sao này không thể lấy\r\nVà nếu mình không là ai thì đường công danh là không dễ đấy\r\nNgười thức thời, biết nhìn về phía khán đài thuyết trình\r\nLuôn biết người, biết mình, đừng để ván bài khiến mình\r\nCó ai đâu lên tiếng phía bên kia đầu dây\r\nKhông nói được thì mình cùng ra dấu tay\r\n\r\nBức tranh khuyết tàn\r\nGấm thêu nhung vàng\r\nGiấu đi niềm đau tận sâu bên trong\r\nRơi trên cung đàn\r\nLối đi trăm ngàn, bước đi về đâu\r\nNơi yêu thương nồng cháy vuốt ve vô vàn\r\nNếu ta không nhà, nếu ta không nơi nương thân\r\nLiệu có ai đến bên bạn.\r\nThiếu đi tâm hồn, mất đi thân hình\r\nBức tranh khuyết tàn có ai chân tình\r\n\r\nNếu đôi mắt không thể nhìn thấy ánh sáng này\r\nChân thì không thể đi vào con phố đấy\r\nTa không thể nghe thấy những tiếng vỗ tay\r\nNgười lặng im làm sao nói tiếng lòng này\r\n\r\nRõ ràng rõ ràng, nhiều điều ngỡ ngàng, ngỡ ngàng\r\nĐường đời đỏ vàng, đỏ vàng, nhiều lần lỡ làng, lỡ làng. Skrrr\r\nNếu như màu xanh thì cũng còn lâu mới đến lượt anh\r\nNhưng mà đã phóng thì không được phanh. Braa ta ta ta.\r\nĐâu ai muốn mình thiếu gì, cảm ơn người đưa tay, cảm ơn luôn người hiếu kì\r\n\r\nNếu hôm qua mình yếu thì, cố nào, sẽ có ngày, nhận ra mình năng khiếu gì\r\nEm có thể vẽ tranh, bằng đôi chân trần.\r\nEm có thể nấu ăn, cho người thân gần\r\nTình yêu từ em đến anh sẽ xuất phát tới người xung quanh\r\nRất nhanh cấp số nhân, yeah\r\n\r\nBức tranh khuyết tàn\r\nGấm thêu nhung vàng\r\nGiấu đi niềm đau tận sâu bên trong\r\nRơi trên cung đàn\r\nLối đi trăm ngàn, bước đi về đâu\r\nNơi yêu thương nồng cháy vuốt ve vô vàn\r\nNếu ta không nhà, nếu ta không nơi nương thân\r\nLiệu có ai đến bên bạn.\r\nThiếu đi tâm hồn, mất đi thân hình\r\nBức tranh khuyết tàn có ai chân tình\r\n\r\nAi sinh ra cũng là những thiếu sót, từ tâm hồn tới tứ chi\r\nNếu ông trời không cho mình đôi chân, còn tay thôi thì mình cứ đi\r\nAi cũng là những mảng khuyết, thì đừng hỏi tại sao lại chưa tròn\r\nNhưng trước khi một câu kết thúc tôi muốn hỏi là!\r\n\r\nDo you got that love for me? I love you!\r\nDo you got that love for me? I love you!\r\nDo you got that love for me? I love you!\r\nDo you got that love for me? I love you!\r\n\r\nKhi giọt sương vừa rơi vỡ.\r\nCuối ngày, từng đàn chim quay về với nơi ở\r\nMới vầy mà sắp qua năm mới này, cuộc sống là một vòng lập của hơi thở\r\nNếu như mình sang giàu, gấm nhung được mang vào\r\nThì liệu muốn gì là có nấy?\r\nCó đứng lên bằng chân mình,\r\nLắng nghe được tâm tình\r\nThốt lên lời yêu thương đong đầy.\r\n\r\nBức tranh khuyết tàn\r\nGấm thêu nhung vàng\r\nGiấu đi niềm đau tận sâu bên trong\r\nRơi trên cung đàn\r\nLối đi trăm ngàn, bước đi về đâu\r\nNơi yêu thương nồng cháy vuốt ve vô vàn\r\nNếu ta không nhà, nếu ta không nơi nương thân\r\nLiệu có ai đến bên bạn.\r\nThiếu đi tâm hồn, mất đi thân hình\r\nBức tranh khuyết tàn có ai chân tình\r\n\r\nDo you got that love for me? I love you!\r\nBức tranh khuyên tàn có ai chân tình!\r\nDo you got that love for me? I love you!\r\nBức tranh khuyên tàn có ai chân tình!\r\nDo you got that love for me? I love you!\r\nBức tranh khuyên tàn có ai chân tình!\r\nDo you got that love for me? I love you!\r\nBức tranh khuyên tàn có ai chân tình!','https://musicapphung.000webhostapp.com/music/y2meta.com%20-%20Blacka%20-%20Tranh%20Khuy%E1%BA%BFt%20-%20Team%20Wowy%20_%20Rap%20Vi%E1%BB%87t%20-%20M%C3%B9a%202%20[MV%20Lyrics]%20(128%20kbps).mp3'),(26,15,2,'Tướng quân','https://musicapphung.000webhostapp.com/Images/Music/tuongquan.jpg','Ngàn vạn binh đao giương cao\r\nHướng về phía trước ta\r\nChẳng làm ta bất an\r\nNhư khi ta ở trước mặt nàng\r\nĐầu đội trời cao chân giẫm đất\r\nNgạo nghễ núi sông\r\nMà lòng như chết đi\r\nKhi hay tin nàng đã theo chồng\r\nBiển rộng trời cao\r\nĐâu cũng là nhà đối với ta\r\nMà một nơi trú chân\r\nTrong tim nàng quá sao xa lạ\r\nGiọt lệ nam nhi\r\nKhông khi nào được rơi xuống đâu\r\nMà giờ em trót theo ai\r\nNên ta đành phải buông sầu\r\nRượu sầu nâng suốt đêm\r\nCho quên đi ngày tháng u buồn\r\nRằng người ta mãi thương\r\nNay cũng đã mỗi người một phương\r\nNàng còn hay nhớ chăng\r\nKhi xưa ta đã nói những lời\r\nDù ngày sau có ra sao\r\nTa vẫn muốn bên người thôi\r\nNàng sợ ta chiến chinh bao năm\r\nKhông có ngày trở lại\r\nNàng cần người ở bên\r\nChăm lo săn sóc cho ngày mai\r\nNgày ra đi chiếc khăn em trao\r\nTa vẫn mang giữ lại\r\nHình dung em vẫn đang theo ta\r\nĐi hết chặng đường dài\r\nBiển rộng trời cao\r\nđâu cũng là nhà đối với ta\r\nMà một nơi trú chân\r\nTrong tim nàng quá sao xa lạ\r\nGiọt lệ nam nhi\r\nKhông khi nào được rơi xuống đâu\r\nMà giờ em trót theo ai\r\nNên ta đành phải buông sầu\r\nRượu sầu nâng suốt đêm\r\nCho quên đi ngày tháng u buồn\r\nRằng người ta mãi thương\r\nNay cũng đã mỗi người một phương\r\nNàng còn hay nhớ chăng\r\nKhi xưa ta đã nói những lời\r\nDù ngày sau có ra sao\r\nTa vẫn muốn bên người thôi\r\nNàng sợ ta chiến chinh bao năm\r\nKhông có ngày trở lại\r\nNàng cần người ở bên\r\nChăm lo săn sóc cho ngày mai\r\nNgày ra đi chiếc khăn em trao\r\nTa vẫn mang giữ lại\r\nHình dung em vẫn đang theo ta\r\nĐi hết chặng đường dài\r\nNàng sợ ta chiến chinh bao năm\r\nKhông có ngày trở lại\r\nNàng cần người ở bên\r\nChăm lo săn sóc cho ngày mai\r\nNgày ra đi chiếc khăn em trao\r\nTa vẫn mang giữ lại\r\nHình dung em vẫn đang theo ta\r\nĐi hết chặng đường dài\r\nNàng sợ ta chiến chinh bao năm\r\nKhông có ngày trở lại\r\nNàng cần người ở bên\r\nChăm lo săn sóc cho ngày mai\r\nNgày ra đi chiếc khăn em trao\r\nTa vẫn mang giữ lại\r\nHình dung em vẫn đang theo ta\r\nĐi hết chặng đường dài','https://musicapphung.000webhostapp.com/music/T%C6%B0%E1%BB%9Bng%20Qu%C3%A2n_Nh%E1%BA%ADt%20Phong_-1079310259.mp3'),(27,2,1,'Vì mẹ anh bắt chia tay','https://musicapphung.000webhostapp.com/Images/Music/vimeanhbatchiatay.jpg','Anh rất tốt thế nhưng thà đừng gặp vui hơn\nEm rất tiếc thế nhưng thà làm người cô đơn\nSẽ chẳng phải thốt lên hài hước như lúc này\nRằng mẹ anh bắt chia tay\nAnh cũng rất tốt thế nhưng mình chẳng hợp nhau đâu\nEm có chút tiếc nuối khi mình chẳng phải cô dâu\nEm sẽ ghé đám cưới anh và nói lời này\n\"Chúc anh hạnh phúc, chỉ một ngày!\"\nCó gì đâu mà phải khóc\nKhông có anh thì sẽ có người khác\nTình nào mà tình chẳng dang dở\nVui rồi cũng đến lúc phải tẻ nhạt\nEm nghĩ nhiều làm gì cho mệt đầu\nCứ mặc định anh là thằng tệ bạc\nThừa biết hạnh phúc của em là kim cương\nNhưng lại không thể trở thành người chế tác\nMột phần anh muốn tập trung cho sự nghiệp\nNên tình cảm này anh buộc phải cự tuyệt\nMặt khác anh sợ cảm giác phải yêu xa\nMình không tới đâu cũng khó lòng từ biệt\nTrong mắt anh thật sự em rất tuyệt\nDù rằng hai đứa không hợp nhau là mấy\nEm rất tốt nhưng mà anh rất tiếc\nMẹ của anh bắt anh phải chia tay\nAnh rất tốt thế nhưng...\nTình cảnh ta không còn như xưa\nEm rất tiếc thế nhưng...\nAnh không có quyền để chọn lựa\nAnh rất tốt thế nhưng...\nXin lỗi vì những gì đã hứa\nEm rất tiếc thế nhưng...\nVề đi để anh còn đóng cửa\nAnh rất tốt thế nhưng thà đừng gặp vui hơn\nEm rất tiếc thế nhưng thà làm người cô đơn\nSẽ chẳng phải thốt lên hài hước như lúc này\nRằng mẹ anh bắt chia tay\nAnh cũng rất tốt thế nhưng mình chẳng hợp nhau đâu\nEm có chút tiếc nuối khi mình chẳng phải cô dâu\nEm sẽ ghé đám cưới anh và nói lời này\n\"Chúc anh hạnh phúc, chỉ một ngày!\"\nTrái tim của anh thì nói có\nNhưng mẹ của anh thì nói không\nRõ tương lai đã không có\nCàng dây dưa chỉ càng thêm nhói lòng\nThật ra anh chỉ xem em như em gái\nCảm mến vì những câu chuyện em từng trải\nSẽ rất sai nếu cả hai quyết định đi đường dài\nCho nên tốt nhất anh nghĩ nên dừng lại\nAnh từng cho rằng mình không thể ác đến khi vượt qua\nNỗi đau thể xác nhận ra sắt đá\nCòn có thể bạc thì tình cảm mình sao không thể khác?\nCó những lúc để hạnh phúc thật sự\nBuộc lòng nước mắt cả hai phải rơi xuống\nCơ bản cuộc đời này là buồn\nDù không muốn rồi vẫn phải tập buông\nCoi như mình kết thúc đúng lúc\nTừ ngày mai cả hai đừng nhớ gì\nKhông nhất thiết phải chúc anh hạnh phúc\nNhưng ngày cưới của anh em nhớ đi\nQuên phong bì cũng không sao\nTới và về miễn đừng để ai thấy\nChuyện cũ xin đừng kể ai hay\nCó thuộc cũng đừng hát tặng anh bài này\nAnh rất tốt thế nhưng thà đừng gặp vui hơn\nEm rất tiếc thế nhưng thà làm người cô đơn\nSẽ chẳng phải thốt lên hài hước như lúc này\nRằng mẹ anh bắt chia tay\nAnh cũng rất tốt thế nhưng mình chẳng hợp nhau đâu\nEm có chút tiếc nuối khi mình chẳng phải cô dâu\nEm sẽ ghé đám cưới anh và nói lời này\n\"Chúc anh hạnh phúc, chỉ một ngày!\"\nHãy sống tốt nhé anh\nEm rất tiếc thế nhưng...\nHãy sống tốt nhé anh\nVì mẹ anh bắt chia tay','https://musicapphung.000webhostapp.com/music/ViMeAnhBatChiaTay-MiuLe-7503053.mp3'),(28,23,6,'Tâm hồn của đá','https://musicapphung.000webhostapp.com/Images/Music/tamhonhonda.jpg','Một đời vô danh đá sống vẫn thờ ơ\nNhọc nhằn năm tháng, tháng năm nhọc nhằn thêm\nĐá sống không thật gần ai và cách xa mọi người\nDường như không biết yêu và dường như không biết nhớ\nVì con tim giá băng nên tâm hồn vô nghĩa\n\nVốn sống đời tha phương\nMòn gót bước mà thấy trong lòng như luôn luôn lẻ loi\n\nĐừng sống giống như hòn đá, giống như hòn đá\nSống không một tình yêu\nSống chỉ biết thân mình\nTâm hồn luôn luôn băng giá\nĐừng hóa thân thành đá\nVì tâm hồn đá giá băng\n\nTừng ngày cuộc sống thoáng chốc lại đổi thay\nBầu trời mỗi tối có biết bao sao đổi ngôi\nNhưng có bao giờ hòn đá ấy bỗng khóc như loài người\nVì đá không biết yêu và vì đá không biết nhớ\nVì con tim giá băng nên tâm hồn vô nghĩa\n\nVốn sống đời tha phương\nMòn gót bước mà thấy trong lòng như luôn luôn lẻ loi\n\nĐừng sống giống như hòn đá, giống như hòn đá\nSống không một tình yêu\nSống chỉ biết thân mình\nTâm hồn luôn luôn băng giá\nĐừng hóa thân thành đá\nVì tâm hồn đá giá băng','https://musicapphung.000webhostapp.com/music/Tam-Hon-Cua-Da-Buc-Tuong.mp3'),(29,25,5,'Senbonzakura','https://musicapphung.000webhostapp.com/Images/Music/senbonsakuza.jpg',NULL,'https://musicapphung.000webhostapp.com/music/Senbonsakuza.mp3'),(30,24,4,'Hope','https://musicapphung.000webhostapp.com/Images/Music/Alan_Walker_Hope.jpg',NULL,'https://musicapphung.000webhostapp.com/music/Hope.mp3'),(31,24,4,'Alone','https://musicapphung.000webhostapp.com/Images/Music/Alan_Walker_Alone.jpg',NULL,'https://musicapphung.000webhostapp.com/music/Alone.mp3'),(32,26,5,'Best Friend','https://musicapphung.000webhostapp.com/Images/Music/Bestfriend.jpg',NULL,'https://musicapphung.000webhostapp.com/music/BestFriend.mp3'),(33,27,2,'Huyền Thoại','https://musicapphung.000webhostapp.com/Images/Music/huyenthoai.jpg',NULL,'https://musicapphung.000webhostapp.com/music/Huyen-Thoai-Phan-Manh-Quynh.mp3'),(34,27,2,'Có chàng trai viết trên cây','https://musicapphung.000webhostapp.com/Images/Music/trangchaivietlencay.jpg',NULL,'https://musicapphung.000webhostapp.com/music/cochangtraivietlencay.mp3');
/*!40000 ALTER TABLE `music` ENABLE KEYS */;
UNLOCK TABLES;

--
-- Table structure for table `music_musiclist`
--

DROP TABLE IF EXISTS `music_musiclist`;
/*!40101 SET @saved_cs_client     = @@character_set_client */;
/*!50503 SET character_set_client = utf8mb4 */;
CREATE TABLE `music_musiclist` (
  `mml_id` int NOT NULL AUTO_INCREMENT,
  `music_id` int NOT NULL,
  `music_list_id` int NOT NULL,
  PRIMARY KEY (`mml_id`),
  KEY `fk_mlm_music` (`music_id`),
  KEY `fk_mlm_ml` (`music_list_id`),
  CONSTRAINT `fk_mlm_ml` FOREIGN KEY (`music_list_id`) REFERENCES `musiclist` (`music_list_id`),
  CONSTRAINT `fk_mlm_music` FOREIGN KEY (`music_id`) REFERENCES `music` (`music_id`)
) ENGINE=InnoDB AUTO_INCREMENT=30 DEFAULT CHARSET=utf8mb3 COLLATE=utf8mb3_unicode_ci;
/*!40101 SET character_set_client = @saved_cs_client */;

--
-- Dumping data for table `music_musiclist`
--

LOCK TABLES `music_musiclist` WRITE;
/*!40000 ALTER TABLE `music_musiclist` DISABLE KEYS */;
INSERT INTO `music_musiclist` VALUES (5,1,13),(7,2,15),(8,1,15),(9,5,11),(13,12,12),(17,7,1),(19,1,1),(20,2,1),(21,3,1),(25,6,1),(26,28,31),(27,4,25),(28,20,31),(29,28,32);
/*!40000 ALTER TABLE `music_musiclist` ENABLE KEYS */;
UNLOCK TABLES;

--
-- Table structure for table `musiclist`
--

DROP TABLE IF EXISTS `musiclist`;
/*!40101 SET @saved_cs_client     = @@character_set_client */;
/*!50503 SET character_set_client = utf8mb4 */;
CREATE TABLE `musiclist` (
  `music_list_id` int NOT NULL AUTO_INCREMENT,
  `user_id` int NOT NULL,
  `music_list_name` varchar(50) NOT NULL,
  `music_list_date_create` timestamp NOT NULL DEFAULT CURRENT_TIMESTAMP,
  PRIMARY KEY (`music_list_id`),
  KEY `FK_MUSICLIST_USER` (`user_id`),
  CONSTRAINT `FK_MUSICLIST_USER` FOREIGN KEY (`user_id`) REFERENCES `user` (`user_id`)
) ENGINE=InnoDB AUTO_INCREMENT=33 DEFAULT CHARSET=utf8mb4 COLLATE=utf8mb4_0900_ai_ci;
/*!40101 SET character_set_client = @saved_cs_client */;

--
-- Dumping data for table `musiclist`
--

LOCK TABLES `musiclist` WRITE;
/*!40000 ALTER TABLE `musiclist` DISABLE KEYS */;
INSERT INTO `musiclist` VALUES (1,1,'Bài hát yêu thích','2022-10-04 17:00:00'),(11,1,'b','2022-10-23 10:08:54'),(12,1,'a','2022-10-27 16:36:17'),(13,1,'a','2022-10-28 15:50:23'),(14,1,'hu','2022-10-28 15:52:49'),(15,1,'acb','2022-10-28 15:54:40'),(16,7,'a','2022-11-06 14:01:04'),(23,1,'Bài hát yêu thích','2022-11-06 14:47:29'),(25,8,'Bài hát yêu thích','2022-11-06 14:49:14'),(26,2,'Bài hát yêu thích','2022-11-29 16:51:00'),(27,3,'Bài hát yêu thích','2022-11-29 16:52:41'),(28,1,'a','2022-11-29 17:09:42'),(30,5,'Bài hát yêu thích','2022-11-30 13:21:11'),(31,8,'bài hát mới','2022-12-08 15:04:35'),(32,7,'y','2022-12-15 01:00:18');
/*!40000 ALTER TABLE `musiclist` ENABLE KEYS */;
UNLOCK TABLES;

--
-- Table structure for table `recommended_music`
--

DROP TABLE IF EXISTS `recommended_music`;
/*!40101 SET @saved_cs_client     = @@character_set_client */;
/*!50503 SET character_set_client = utf8mb4 */;
CREATE TABLE `recommended_music` (
  `rm_id` int NOT NULL AUTO_INCREMENT,
  `music_id` int NOT NULL,
  `emotion_id` int DEFAULT NULL,
  `user_id` int DEFAULT NULL,
  `total_view` int NOT NULL,
  PRIMARY KEY (`rm_id`),
  KEY `fk_rm_music` (`music_id`),
  KEY `fk_rm_emotion` (`emotion_id`),
  KEY `fk_rm_user` (`user_id`),
  CONSTRAINT `fk_rm_emotion` FOREIGN KEY (`emotion_id`) REFERENCES `emotion` (`emotion_id`),
  CONSTRAINT `fk_rm_music` FOREIGN KEY (`music_id`) REFERENCES `music` (`music_id`),
  CONSTRAINT `fk_rm_user` FOREIGN KEY (`user_id`) REFERENCES `user` (`user_id`)
) ENGINE=InnoDB AUTO_INCREMENT=91 DEFAULT CHARSET=utf8mb3 COLLATE=utf8mb3_unicode_ci;
/*!40101 SET character_set_client = @saved_cs_client */;

--
-- Dumping data for table `recommended_music`
--

LOCK TABLES `recommended_music` WRITE;
/*!40000 ALTER TABLE `recommended_music` DISABLE KEYS */;
INSERT INTO `recommended_music` VALUES (1,1,4,NULL,61),(2,1,7,NULL,90),(3,5,5,NULL,115),(4,21,2,NULL,110),(5,10,5,NULL,120),(6,7,7,NULL,95),(7,23,4,NULL,85),(8,19,7,NULL,140),(9,13,4,NULL,100),(10,22,5,NULL,130),(11,15,7,NULL,120),(12,6,7,NULL,61),(13,10,2,NULL,90),(14,3,NULL,NULL,602),(15,6,NULL,NULL,451),(16,3,NULL,2,4),(17,4,NULL,3,1),(18,1,NULL,2,1),(19,1,3,NULL,3),(20,3,3,2,2),(21,3,4,2,3),(22,1,NULL,3,1),(23,3,NULL,8,8),(24,1,NULL,8,1),(25,2,NULL,8,2),(26,4,NULL,8,2),(27,13,NULL,8,1),(28,6,NULL,8,4),(29,10,NULL,8,1),(30,29,NULL,8,5),(31,32,NULL,8,5),(32,32,7,8,2),(33,28,NULL,8,1),(34,28,7,8,1),(35,10,5,8,1),(36,3,7,8,4),(37,6,7,8,1),(38,22,NULL,8,1),(39,32,NULL,NULL,2),(40,32,7,NULL,1),(41,25,NULL,NULL,5),(42,25,1,NULL,1),(43,21,NULL,NULL,1),(44,6,NULL,7,8),(45,6,6,7,1),(46,1,NULL,NULL,1),(47,6,5,NULL,1),(48,22,NULL,NULL,6),(49,22,2,NULL,1),(50,19,NULL,NULL,20),(51,1,1,8,1),(52,30,NULL,8,0),(53,30,7,8,1),(54,19,7,8,1),(55,8,NULL,NULL,5),(56,8,NULL,1,1),(57,8,5,NULL,2),(58,8,5,1,1),(59,8,3,NULL,2),(60,8,3,3,2),(61,3,NULL,5,1),(62,29,1,8,1),(63,20,NULL,8,1),(64,3,NULL,7,4),(65,3,2,7,1),(66,33,NULL,7,3),(67,33,1,7,1),(68,28,NULL,7,0),(69,28,1,7,2),(70,3,4,7,1),(71,6,7,7,1),(72,32,NULL,7,3),(73,32,7,7,3),(74,4,NULL,7,0),(75,4,1,7,1),(76,21,NULL,7,1),(77,21,5,7,1),(78,18,NULL,7,0),(79,18,1,7,1),(80,1,NULL,7,6),(81,2,NULL,7,1),(82,7,NULL,7,3),(83,15,7,7,2),(84,1,7,7,2),(85,5,NULL,7,1),(86,6,1,7,1),(87,19,7,7,1),(88,7,7,7,1),(89,15,NULL,7,1),(90,30,NULL,7,1);
/*!40000 ALTER TABLE `recommended_music` ENABLE KEYS */;
UNLOCK TABLES;

--
-- Table structure for table `singer`
--

DROP TABLE IF EXISTS `singer`;
/*!40101 SET @saved_cs_client     = @@character_set_client */;
/*!50503 SET character_set_client = utf8mb4 */;
CREATE TABLE `singer` (
  `singer_id` int NOT NULL AUTO_INCREMENT,
  `singer_name` varchar(50) NOT NULL,
  `singer_images` varchar(255) NOT NULL,
  PRIMARY KEY (`singer_id`)
) ENGINE=InnoDB AUTO_INCREMENT=28 DEFAULT CHARSET=utf8mb4 COLLATE=utf8mb4_0900_ai_ci;
/*!40101 SET character_set_client = @saved_cs_client */;

--
-- Dumping data for table `singer`
--

LOCK TABLES `singer` WRITE;
/*!40000 ALTER TABLE `singer` DISABLE KEYS */;
INSERT INTO `singer` VALUES (1,'Unknow','https://musicapphung.000webhostapp.com/Images/Singer/Unknown_person.png'),(2,'Karik','https://musicapphung.000webhostapp.com/Images/Singer/Karik.jpg'),(3,'Wowy','https://musicapphung.000webhostapp.com/Images/Singer/wowi.png'),(4,'Blacka','https://musicapphung.000webhostapp.com/Images/Singer/blacka.png'),(5,'Bùi Anh Tuấn','https://musicapphung.000webhostapp.com/Images/Singer/BuiAnhTuan.jpg'),(6,'Đen','https://musicapphung.000webhostapp.com/Images/Singer/den.jpg'),(7,'Bùi Lan Hương','https://musicapphung.000webhostapp.com/Images/Singer/builanhuong.jpeg'),(8,'Đình Dũng','https://musicapphung.000webhostapp.com/Images/Singer/DinDung.jpg'),(9,'Hoàng Dũng','https://musicapphung.000webhostapp.com/Images/Singer/hoangdunh.jpg'),(10,'imagine Dragons','https://musicapphung.000webhostapp.com/Images/Singer/IDragon.jpg'),(11,'Long nón lá','https://musicapphung.000webhostapp.com/Images/Singer/longnonla.jpg'),(12,'MCK','https://musicapphung.000webhostapp.com/Images/Singer/mck.jpg'),(13,'Mr Siro','https://musicapphung.000webhostapp.com/Images/Singer/mrsiro.jpg'),(14,'Mỹ Tâm','https://musicapphung.000webhostapp.com/Images/Singer/mytam.png'),(15,'Nhật Phong','https://musicapphung.000webhostapp.com/Images/Singer/nhatphong.jpg'),(16,'OnlyC','https://musicapphung.000webhostapp.com/Images/Singer/onlyc.jpg'),(17,'Phạm Hồng Phước','https://musicapphung.000webhostapp.com/Images/Singer/phamhongphuoc.jpg'),(18,'Quân AP','https://musicapphung.000webhostapp.com/Images/Singer/quanap.jpg'),(19,'Rtee','https://musicapphung.000webhostapp.com/Images/Singer/rtee.jpg'),(20,'Seachains','https://musicapphung.000webhostapp.com/Images/Singer/seachains.png'),(21,'Trần Trung Đức','https://musicapphung.000webhostapp.com/Images/Singer/trantrungduc.jpg'),(22,'Tùng Dương','https://musicapphung.000webhostapp.com/Images/Singer/tungduong.jpg'),(23,'Bức Tường Band','https://musicapphung.000webhostapp.com/Images/Singer/buctuong.jpg'),(24,'Alan Walker','https://musicapphung.000webhostapp.com/Images/Singer/alanwalker.jpg'),(25,'Wagakki Band','https://musicapphung.000webhostapp.com/Images/Singer/WagakkiBand.jpg'),(26,'Nishino Kana','https://musicapphung.000webhostapp.com/Images/Singer/NishinoKana.jpg'),(27,'Phan Mạnh Quỳnh','https://musicapphung.000webhostapp.com/Images/Singer/phanmanhquynh%20.jpg');
/*!40000 ALTER TABLE `singer` ENABLE KEYS */;
UNLOCK TABLES;

--
-- Table structure for table `user`
--

DROP TABLE IF EXISTS `user`;
/*!40101 SET @saved_cs_client     = @@character_set_client */;
/*!50503 SET character_set_client = utf8mb4 */;
CREATE TABLE `user` (
  `user_id` int NOT NULL AUTO_INCREMENT,
  `fullname` varchar(50) NOT NULL,
  `username` varchar(50) NOT NULL,
  `password` varchar(255) NOT NULL,
  PRIMARY KEY (`user_id`)
) ENGINE=InnoDB AUTO_INCREMENT=20 DEFAULT CHARSET=utf8mb4 COLLATE=utf8mb4_0900_ai_ci;
/*!40101 SET character_set_client = @saved_cs_client */;

--
-- Dumping data for table `user`
--

LOCK TABLES `user` WRITE;
/*!40000 ALTER TABLE `user` DISABLE KEYS */;
INSERT INTO `user` VALUES (1,'Nguyễn Văn A','a123','c4ca4238a0b923820dcc509a6f75849b'),(2,'Lý Thành N','n123','c4ca4238a0b923820dcc509a6f75849b'),(3,'Lý Thành Na','na','c4ca4238a0b923820dcc509a6f75849b'),(4,'Nguyễn Văn Y','y123','c4ca4238a0b923820dcc509a6f75849b'),(5,'a','a','c4ca4238a0b923820dcc509a6f75849b'),(6,'ab','ab','c4ca4238a0b923820dcc509a6f75849b'),(7,'hungnguyen','hung','c4ca4238a0b923820dcc509a6f75849b'),(8,'abc','abc','c4ca4238a0b923820dcc509a6f75849b');
/*!40000 ALTER TABLE `user` ENABLE KEYS */;
UNLOCK TABLES;

--
-- Dumping events for database 'music'
--

--
-- Dumping routines for database 'music'
--
/*!40103 SET TIME_ZONE=@OLD_TIME_ZONE */;

/*!40101 SET SQL_MODE=@OLD_SQL_MODE */;
/*!40014 SET FOREIGN_KEY_CHECKS=@OLD_FOREIGN_KEY_CHECKS */;
/*!40014 SET UNIQUE_CHECKS=@OLD_UNIQUE_CHECKS */;
/*!40101 SET CHARACTER_SET_CLIENT=@OLD_CHARACTER_SET_CLIENT */;
/*!40101 SET CHARACTER_SET_RESULTS=@OLD_CHARACTER_SET_RESULTS */;
/*!40101 SET COLLATION_CONNECTION=@OLD_COLLATION_CONNECTION */;
/*!40111 SET SQL_NOTES=@OLD_SQL_NOTES */;

-- Dump completed on 2022-12-15 18:11:52
